country,invoice_date,total_quantity,total_revenue,ticket_medio
Australia,2010-12-01,107,358.25,3.3481308411214954
Australia,2010-12-08,214,258.9,1.2098130841121495
Australia,2010-12-14,-13,-27.75,2.1346153846153846
Australia,2010-12-17,146,415.7,2.8472602739726027
Australia,2011-01-06,4802,7154.38,1.489875052061641
Australia,2011-01-10,96,81.6,0.85
Australia,2011-01-11,238,462.5,1.9432773109243697
Australia,2011-01-14,60,177.0,2.95
Australia,2011-01-17,204,431.3,2.11421568627451
Australia,2011-01-19,113,238.5,2.1106194690265485
Australia,2011-01-20,21,87.75,4.178571428571429
Australia,2011-01-28,110,384.68,3.4970909090909092
Australia,2011-02-07,58,192.0,3.310344827586207
Australia,2011-02-15,8384,14022.92,1.672581106870229
Australia,2011-02-27,217,412.55,1.901152073732719
Australia,2011-03-03,10162,16558.14,1.6294174375123007
Australia,2011-03-09,90,210.9,2.3433333333333333
Australia,2011-03-24,77,286.25,3.7175324675324677
Australia,2011-04-01,1,350.0,350.0
Australia,2011-04-04,-8,-13.2,1.65
Australia,2011-04-08,224,421.6,1.8821428571428573
Australia,2011-04-28,-100,-425.0,4.25
Australia,2011-05-12,184,475.16,2.5823913043478264
Australia,2011-05-17,8268,11924.8,1.4422835026608611
Australia,2011-05-20,396,766.36,1.9352525252525252
Australia,2011-05-23,231,472.09,2.0436796536796535
Australia,2011-05-31,-6,-9.9,1.6500000000000001
Australia,2011-06-02,-8,-23.0,2.875
Australia,2011-06-15,15241,23426.81,1.5370913982022179
Australia,2011-06-30,740,1760.96,2.3796756756756756
Australia,2011-07-13,4332,2796.36,0.6455124653739612
Australia,2011-07-14,429,902.09,2.102773892773893
Australia,2011-07-19,174,483.02,2.775977011494253
Australia,2011-07-24,214,505.46,2.3619626168224297
Australia,2011-07-26,36,80.64,2.24
Australia,2011-08-12,374,608.76,1.6277005347593583
Australia,2011-08-18,12196,21880.44,1.7940669071826827
Australia,2011-09-01,2836,2941.72,1.037277856135402
Australia,2011-09-05,82,147.7,1.8012195121951218
Australia,2011-09-16,317,519.89,1.6400315457413248
Australia,2011-09-25,478,825.92,1.7278661087866107
Australia,2011-09-28,330,596.5,1.8075757575757576
Australia,2011-10-05,7135,16471.77,2.3085872459705676
Australia,2011-10-06,266,678.76,2.5517293233082707
Australia,2011-11-02,96,450.24,4.69
Australia,2011-11-03,408,375.24,0.9197058823529412
Australia,2011-11-04,347,338.71,0.9761095100864553
Australia,2011-11-15,3130,5355.4,1.7109904153354631
Australia,2011-11-24,224,286.4,1.2785714285714285
Austria,2010-12-15,-48,-20.16,0.42
Austria,2010-12-17,51,277.2,5.435294117647058
Austria,2011-02-01,197,364.6,1.8507614213197972
Austria,2011-02-02,145,153.76,1.0604137931034483
Austria,2011-03-03,53,166.04,3.1328301886792453
Austria,2011-03-23,929,1542.08,1.6599354144241119
Austria,2011-04-26,311,680.78,2.1890032154340835
Austria,2011-05-06,42,165.85,3.9488095238095235
Austria,2011-05-23,434,1083.58,2.496728110599078
Austria,2011-06-14,-6,-24.2,4.033333333333333
Austria,2011-07-12,100,484.86,4.8486
Austria,2011-07-28,473,707.09,1.4949048625792813
Austria,2011-08-08,550,981.38,1.7843272727272728
Austria,2011-08-19,240,534.7,2.2279166666666668
Austria,2011-10-18,491,1043.78,2.125824847250509
Austria,2011-11-13,375,586.85,1.5649333333333333
Austria,2011-11-14,342,742.93,2.1723099415204676
Austria,2011-12-08,148,683.2,4.616216216216216
Bahrain,2010-12-20,54,205.74,3.81
Bahrain,2011-01-05,-54,-205.74,3.81
Bahrain,2011-05-09,240,459.4,1.9141666666666666
Bahrain,2011-05-19,20,89.0,4.45
Belgium,2010-12-03,528,346.1,0.6554924242424243
Belgium,2010-12-17,285,625.16,2.1935438596491226
Belgium,2010-12-21,188,237.93,1.2655851063829788
Belgium,2010-12-22,754,600.72,0.796710875331565
Belgium,2011-01-05,-1,-2.95,2.95
Belgium,2011-01-06,-5,-31.95,6.39
Belgium,2011-01-12,590,651.16,1.1036610169491525
Belgium,2011-01-19,-3,-11.25,3.75
Belgium,2011-01-20,94,225.6,2.4
Belgium,2011-01-25,108,323.44,2.9948148148148146
Belgium,2011-02-03,21,213.9,10.185714285714287
Belgium,2011-02-09,11,84.3,7.663636363636363
Belgium,2011-02-11,262,231.51,0.8836259541984732
Belgium,2011-02-17,508,1119.2,2.203149606299213
Belgium,2011-02-18,-3,-14.85,4.95
Belgium,2011-02-21,194,192.31,0.9912886597938144
Belgium,2011-02-24,-2,-4.9,2.45
Belgium,2011-02-25,91,189.9,2.086813186813187
Belgium,2011-02-28,15,149.95,9.996666666666666
Belgium,2011-03-01,171,559.12,3.269707602339181
Belgium,2011-03-03,126,410.0,3.253968253968254
Belgium,2011-03-10,-7,-18.4,2.6285714285714286
Belgium,2011-03-14,91,357.07,3.9238461538461538
Belgium,2011-03-20,215,226.3,1.0525581395348838
Belgium,2011-03-21,139,347.35,2.4989208633093525
Belgium,2011-03-23,685,614.55,0.8971532846715328
Belgium,2011-03-24,356,837.59,2.3527808988764045
Belgium,2011-04-07,243,240.88,0.9912757201646091
Belgium,2011-04-08,-3,-14.85,4.95
Belgium,2011-04-10,190,476.49,2.507842105263158
Belgium,2011-04-12,187,344.57,1.842620320855615
Belgium,2011-04-15,77,142.16,1.8462337662337662
Belgium,2011-04-18,204,269.66,1.3218627450980394
Belgium,2011-04-28,275,495.24,1.8008727272727274
Belgium,2011-05-05,72,149.97,2.0829166666666667
Belgium,2011-05-06,182,381.08,2.0938461538461537
Belgium,2011-05-10,494,480.9,0.9734817813765182
Belgium,2011-05-12,83,181.82,2.1906024096385543
Belgium,2011-05-17,168,297.38,1.7701190476190476
Belgium,2011-05-23,179,514.82,2.876089385474861
Belgium,2011-05-24,-4,-5.4,1.35
Belgium,2011-05-27,651,726.43,1.1158678955453147
Belgium,2011-06-01,57,84.92,1.4898245614035088
Belgium,2011-06-05,524,1296.12,2.4735114503816793
Belgium,2011-06-07,293,607.55,2.0735494880546073
Belgium,2011-06-08,20,99.45,4.9725
Belgium,2011-06-09,145,130.08,0.8971034482758622
Belgium,2011-06-17,598,992.02,1.658896321070234
Belgium,2011-06-22,211,459.84,2.1793364928909953
Belgium,2011-06-23,294,440.94,1.4997959183673468
Belgium,2011-06-29,-1,-1.65,1.65
Belgium,2011-06-30,103,163.9,1.5912621359223302
Belgium,2011-07-06,522,719.06,1.3775095785440612
Belgium,2011-07-07,143,301.81,2.110559440559441
Belgium,2011-07-13,13,45.6,3.5076923076923077
Belgium,2011-07-27,704,1214.81,1.7255823863636364
Belgium,2011-07-28,296,192.34,0.6497972972972973
Belgium,2011-08-02,267,777.95,2.9136704119850187
Belgium,2011-08-04,190,355.56,1.8713684210526316
Belgium,2011-08-11,340,469.25,1.3801470588235294
Belgium,2011-08-12,175,209.62,1.1978285714285715
Belgium,2011-08-19,582,771.97,1.3264089347079038
Belgium,2011-08-25,358,752.79,2.1027653631284915
Belgium,2011-08-31,149,198.98,1.3354362416107382
Belgium,2011-09-02,298,632.08,2.121073825503356
Belgium,2011-09-09,372,1087.7,2.9239247311827956
Belgium,2011-09-19,196,392.4,2.0020408163265304
Belgium,2011-09-21,353,549.84,1.5576203966005666
Belgium,2011-09-22,471,705.81,1.4985350318471335
Belgium,2011-09-28,267,829.99,3.108576779026217
Belgium,2011-10-04,118,346.68,2.9379661016949155
Belgium,2011-10-10,196,332.68,1.6973469387755102
Belgium,2011-10-11,162,355.8,2.196296296296296
Belgium,2011-10-13,1290,1491.59,1.1562713178294572
Belgium,2011-10-14,229,450.86,1.96882096069869
Belgium,2011-10-17,199,358.99,1.8039698492462313
Belgium,2011-10-21,179,300.76,1.6802234636871507
Belgium,2011-10-24,-14,-34.0,2.4285714285714284
Belgium,2011-10-26,213,786.95,3.6946009389671364
Belgium,2011-10-28,168,499.16,2.9711904761904764
Belgium,2011-10-30,268,299.06,1.1158955223880598
Belgium,2011-10-31,148,462.85,3.127364864864865
Belgium,2011-11-04,769,1673.03,2.175591677503251
Belgium,2011-11-07,364,739.5,2.0315934065934065
Belgium,2011-11-08,246,506.55,2.0591463414634146
Belgium,2011-11-10,-1,-19.95,19.95
Belgium,2011-11-17,534,1492.31,2.794588014981273
Belgium,2011-11-18,315,1040.39,3.3028253968253973
Belgium,2011-11-20,125,265.83,2.12664
Belgium,2011-11-22,185,301.25,1.6283783783783783
Belgium,2011-11-24,-1,-2.55,2.55
Belgium,2011-11-28,-7,-48.85,6.978571428571429
Belgium,2011-11-29,21,281.9,13.423809523809522
Belgium,2011-12-02,498,302.02,0.6064658634538153
Belgium,2011-12-06,396,898.77,2.269621212121212
Belgium,2011-12-09,203,208.64,1.027783251231527
Brazil,2011-04-15,356,1143.6,3.2123595505617977
Canada,2011-03-14,88,140.54,1.5970454545454544
Canada,2011-05-04,504,534.24,1.06
Canada,2011-06-20,1092,1171.46,1.0727655677655679
Canada,2011-07-11,1026,1217.64,1.1867836257309943
Canada,2011-07-15,1,550.94,550.94
Canada,2011-08-25,52,51.56,0.9915384615384616
Channel Islands,2010-12-09,80,363.53,4.544124999999999
Channel Islands,2011-01-27,259,675.58,2.6084169884169888
Channel Islands,2011-01-31,-4,-30.5,7.625
Channel Islands,2011-02-15,935,1784.71,1.9087807486631017
Channel Islands,2011-03-02,459,828.84,1.8057516339869282
Channel Islands,2011-03-09,944,1576.36,1.669872881355932
Channel Islands,2011-03-10,701,1104.13,1.5750784593437948
Channel Islands,2011-04-13,97,293.0,3.020618556701031
Channel Islands,2011-05-17,0,0.0,
Channel Islands,2011-05-19,223,914.24,4.099730941704036
Channel Islands,2011-05-25,-2,-10.45,5.225
Channel Islands,2011-06-17,836,2060.03,2.4641507177033497
Channel Islands,2011-08-01,172,759.56,4.416046511627907
Channel Islands,2011-08-18,-1,-4.25,4.25
Channel Islands,2011-08-21,800,1432.0,1.79
Channel Islands,2011-08-23,1037,2705.22,2.6086981677917067
Channel Islands,2011-09-19,583,1062.1,1.8217838765008574
Channel Islands,2011-09-26,181,261.65,1.4455801104972374
Channel Islands,2011-09-28,-1,-2.1,2.1
Channel Islands,2011-10-05,1095,1761.0,1.6082191780821917
Channel Islands,2011-10-14,312,862.32,2.763846153846154
Channel Islands,2011-11-06,638,1303.14,2.0425391849529784
Channel Islands,2011-11-17,78,211.63,2.713205128205128
Channel Islands,2011-11-30,-2,-19.6,9.8
Channel Islands,2011-12-05,60,198.4,3.3066666666666666
Channel Islands,2011-12-08,-1,-4.25,4.25
Cyprus,2010-12-14,917,1590.82,1.7348091603053435
Cyprus,2011-01-12,144,547.5,3.8020833333333335
Cyprus,2011-02-07,494,1993.96,4.0363562753036435
Cyprus,2011-02-16,1522,1683.9,1.1063731931668856
Cyprus,2011-02-17,1,15.0,15.0
Cyprus,2011-02-21,173,320.69,1.853699421965318
Cyprus,2011-03-10,1005,938.39,0.9337213930348258
Cyprus,2011-04-13,-4,-35.8,8.95
Cyprus,2011-06-03,356,1109.32,3.116067415730337
Cyprus,2011-09-19,33,196.35,5.95
Cyprus,2011-10-04,0,0.0,
Cyprus,2011-10-07,345,600.39,1.7402608695652173
Cyprus,2011-10-13,657,2876.85,4.3787671232876715
Cyprus,2011-10-19,380,739.28,1.9454736842105262
Cyprus,2011-11-18,300,460.89,1.5363
Cyprus,2011-12-02,-6,-91.25,15.208333333333334
Czech Republic,2011-02-28,346,549.26,1.5874566473988438
Czech Republic,2011-04-01,-39,-57.51,1.4746153846153847
Czech Republic,2011-10-07,325,277.48,0.8537846153846155
Czech Republic,2011-11-18,-40,-61.51,1.53775
Denmark,2010-12-09,454,1281.5,2.8226872246696035
Denmark,2011-02-16,224,399.22,1.782232142857143
Denmark,2011-03-17,879,3978.99,4.526723549488055
Denmark,2011-05-11,368,515.7,1.401358695652174
Denmark,2011-06-09,793,1621.25,2.0444514501891553
Denmark,2011-06-20,393,1125.4,2.863613231552163
Denmark,2011-06-23,358,514.5,1.437150837988827
Denmark,2011-07-25,241,376.24,1.561161825726141
Denmark,2011-08-09,-9,-134.55,14.950000000000001
Denmark,2011-08-10,338,213.15,0.630621301775148
Denmark,2011-09-21,1176,3850.9,3.274574829931973
Denmark,2011-09-26,230,336.14,1.4614782608695651
Denmark,2011-09-29,202,383.12,1.8966336633663368
Denmark,2011-10-07,637,891.4,1.3993720565149137
Denmark,2011-10-11,136,171.66,1.2622058823529412
Denmark,2011-10-17,-37,-34.65,0.9364864864864865
Denmark,2011-10-21,95,409.7,4.312631578947368
Denmark,2011-11-17,1025,1794.05,1.7502926829268293
Denmark,2011-11-30,512,905.52,1.76859375
Denmark,2011-12-05,173,168.9,0.9763005780346821
EIRE,2010-12-01,243,555.38,2.285514403292181
EIRE,2010-12-02,4,15.0,3.75
EIRE,2010-12-03,2575,2576.85,1.0007184466019416
EIRE,2010-12-06,614,1182.5,1.9258957654723128
EIRE,2010-12-09,287,945.55,3.2945993031358882
EIRE,2010-12-10,379,1156.05,3.050263852242744
EIRE,2010-12-16,328,486.56,1.4834146341463414
EIRE,2010-12-17,701,1424.12,2.031554921540656
EIRE,2010-12-19,155,411.1,2.652258064516129
EIRE,2010-12-20,-363,-760.31,2.094517906336088
EIRE,2010-12-21,354,762.3,2.1533898305084747
EIRE,2010-12-23,104,274.85,2.6427884615384616
EIRE,2011-01-05,-102,-232.67,2.2810784313725487
EIRE,2011-01-09,85,258.0,3.0352941176470587
EIRE,2011-01-10,-4,-15.0,3.75
EIRE,2011-01-14,6198,16774.72,2.7064730558244596
EIRE,2011-01-18,287,465.58,1.6222299651567944
EIRE,2011-01-20,1332,2756.84,2.0696996996997
EIRE,2011-01-24,47,282.44,6.009361702127659
EIRE,2011-01-26,690,802.56,1.1631304347826086
EIRE,2011-01-27,155,564.05,3.639032258064516
EIRE,2011-02-01,463,797.77,1.7230453563714903
EIRE,2011-02-02,4,15.0,3.75
EIRE,2011-02-03,270,788.06,2.9187407407407404
EIRE,2011-02-04,75,229.6,3.0613333333333332
EIRE,2011-02-08,-4,-25.8,6.45
EIRE,2011-02-14,1502,3120.71,2.0777030625832222
EIRE,2011-02-15,2402,4362.5,1.8161948376353039
EIRE,2011-02-17,87,281.12,3.231264367816092
EIRE,2011-02-18,61,162.7,2.667213114754098
EIRE,2011-02-21,472,1011.08,2.142118644067797
EIRE,2011-02-23,668,1480.2,2.215868263473054
EIRE,2011-02-25,-672,-2548.8,3.792857142857143
EIRE,2011-03-01,669,2541.15,3.7984304932735427
EIRE,2011-03-03,-12,-10.2,0.85
EIRE,2011-03-04,857,1185.49,1.3833022170361726
EIRE,2011-03-10,3416,6162.02,1.8038700234192038
EIRE,2011-03-11,0,0.0,
EIRE,2011-03-14,936,1825.25,1.9500534188034189
EIRE,2011-03-15,1174,3389.6,2.887223168654174
EIRE,2011-03-17,416,376.83,0.9058413461538461
EIRE,2011-03-18,265,743.71,2.8064528301886793
EIRE,2011-03-20,73,197.8,2.7095890410958905
EIRE,2011-03-24,114,415.45,3.644298245614035
EIRE,2011-03-25,533,750.37,1.4078236397748594
EIRE,2011-03-27,-3,-24.79,8.263333333333334
EIRE,2011-03-28,745,539.0,0.723489932885906
EIRE,2011-03-29,334,523.15,1.566317365269461
EIRE,2011-03-31,45,168.4,3.7422222222222223
EIRE,2011-04-01,713,1407.19,1.9736185133239832
EIRE,2011-04-04,1239,2448.12,1.9758837772397093
EIRE,2011-04-06,655,955.99,1.459526717557252
EIRE,2011-04-07,390,583.41,1.495923076923077
EIRE,2011-04-11,590,998.53,1.6924237288135593
EIRE,2011-04-17,151,446.74,2.958543046357616
EIRE,2011-04-19,234,367.62,1.5710256410256411
EIRE,2011-04-27,163,362.9,2.2263803680981593
EIRE,2011-05-03,532,1164.21,2.1883646616541355
EIRE,2011-05-05,192,356.91,1.8589062500000002
EIRE,2011-05-06,1694,3869.18,2.2840495867768595
EIRE,2011-05-08,446,862.53,1.9339237668161435
EIRE,2011-05-10,349,810.45,2.3222063037249283
EIRE,2011-05-15,139,603.78,4.343741007194245
EIRE,2011-05-16,2274,4615.36,2.0296218117854
EIRE,2011-05-17,412,1164.76,2.8270873786407766
EIRE,2011-05-18,636,1414.36,2.223836477987421
EIRE,2011-05-19,397,1203.8,3.032241813602015
EIRE,2011-05-20,226,380.32,1.6828318584070796
EIRE,2011-05-23,401,1007.75,2.5130922693266835
EIRE,2011-05-24,-5,-20.3,4.0600000000000005
EIRE,2011-05-26,309,488.24,1.5800647249190938
EIRE,2011-06-01,-1,-7.5,7.5
EIRE,2011-06-06,404,958.12,2.3715841584158417
EIRE,2011-06-07,192,254.31,1.32453125
EIRE,2011-06-08,2582,3351.32,1.2979550735863672
EIRE,2011-06-09,507,984.27,1.9413609467455621
EIRE,2011-06-13,427,821.32,1.9234660421545668
EIRE,2011-06-15,3026,4483.58,1.4816853932584269
EIRE,2011-06-16,268,1012.86,3.7793283582089554
EIRE,2011-06-17,356,626.13,1.7587921348314606
EIRE,2011-06-19,84,303.3,3.6107142857142858
EIRE,2011-06-20,0,0.0,
EIRE,2011-06-21,-516,-967.44,1.8748837209302327
EIRE,2011-06-22,590,1019.2,1.7274576271186441
EIRE,2011-06-23,186,366.6,1.970967741935484
EIRE,2011-06-24,876,1542.51,1.7608561643835616
EIRE,2011-06-27,393,816.32,2.077150127226463
EIRE,2011-06-29,2566,3738.99,1.457127825409197
EIRE,2011-06-30,394,756.36,1.9196954314720813
EIRE,2011-07-01,798,1794.18,2.2483458646616543
EIRE,2011-07-04,537,1170.8,2.1802607076350093
EIRE,2011-07-05,21,205.6,9.79047619047619
EIRE,2011-07-08,-1,-12.75,12.75
EIRE,2011-07-14,864,1796.17,2.078900462962963
EIRE,2011-07-18,1377,1077.53,0.7825199709513435
EIRE,2011-07-19,7238,13566.39,1.8743285437966288
EIRE,2011-07-21,645,1338.29,2.0748682170542634
EIRE,2011-07-26,246,384.47,1.5628861788617887
EIRE,2011-07-27,657,764.51,1.1636377473363775
EIRE,2011-07-28,2799,5406.15,1.9314576634512324
EIRE,2011-07-29,286,728.94,2.548741258741259
EIRE,2011-07-31,6656,14520.37,2.1815459735576925
EIRE,2011-08-04,0,0.0,
EIRE,2011-08-05,744,1572.73,2.1138844086021504
EIRE,2011-08-08,601,820.06,1.3644925124792013
EIRE,2011-08-10,390,131.87,0.33812820512820513
EIRE,2011-08-11,1427,1672.4,1.171969166082691
EIRE,2011-08-12,1045,2165.63,2.072373205741627
EIRE,2011-08-14,-1,-434.51,434.51
EIRE,2011-08-15,580,467.42,0.805896551724138
EIRE,2011-08-16,-15,-63.94,4.262666666666666
EIRE,2011-08-17,843,2198.04,2.607402135231317
EIRE,2011-08-18,-5,49.93,-9.986
EIRE,2011-08-19,644,989.49,1.536475155279503
EIRE,2011-08-21,148,458.9,3.1006756756756757
EIRE,2011-08-23,734,809.52,1.1028882833787466
EIRE,2011-08-26,849,1452.16,1.7104358068315666
EIRE,2011-08-30,-87,-132.23,1.5198850574712643
EIRE,2011-09-01,2184,3880.56,1.776813186813187
EIRE,2011-09-02,163,749.13,4.595889570552147
EIRE,2011-09-04,1272,629.04,0.4945283018867924
EIRE,2011-09-05,5391,8343.86,1.5477388239658691
EIRE,2011-09-06,1285,4234.19,3.295089494163424
EIRE,2011-09-07,1877,3415.29,1.8195471497069793
EIRE,2011-09-08,950,2091.06,2.2011157894736844
EIRE,2011-09-09,-15,-89.65,5.9766666666666675
EIRE,2011-09-14,726,744.91,1.0260468319559228
EIRE,2011-09-15,309,678.83,2.1968608414239483
EIRE,2011-09-19,165,644.33,3.905030303030303
EIRE,2011-09-20,943,1755.69,1.861813361611877
EIRE,2011-09-21,94,381.22,4.055531914893617
EIRE,2011-09-22,808,1254.42,1.5525
EIRE,2011-09-23,1958,3498.75,1.786899897854954
EIRE,2011-09-26,480,1156.14,2.4086250000000002
EIRE,2011-09-27,199,772.95,3.884170854271357
EIRE,2011-09-28,1026,2334.49,2.2753313840155944
EIRE,2011-09-30,3100,6163.84,1.9883354838709677
EIRE,2011-10-06,229,421.3,1.8397379912663756
EIRE,2011-10-07,448,904.14,2.018169642857143
EIRE,2011-10-10,1000,3160.78,3.1607800000000004
EIRE,2011-10-11,2206,1575.79,0.7143200362647325
EIRE,2011-10-12,816,1422.76,1.743578431372549
EIRE,2011-10-14,353,406.84,1.1525212464589234
EIRE,2011-10-17,2621,5449.12,2.07902327355971
EIRE,2011-10-18,625,1512.17,2.4194720000000003
EIRE,2011-10-19,711,1588.75,2.2345288326300983
EIRE,2011-10-20,4932,3566.45,0.7231244931062449
EIRE,2011-10-21,901,1680.03,1.864628190899001
EIRE,2011-10-24,189,618.82,3.2741798941798943
EIRE,2011-10-27,-12,-97.9,8.158333333333333
EIRE,2011-10-30,185,501.66,2.711675675675676
EIRE,2011-10-31,392,596.91,1.5227295918367345
EIRE,2011-11-01,894,2047.05,2.289765100671141
EIRE,2011-11-02,-2,-16.75,8.375
EIRE,2011-11-04,-28,-100.36,3.584285714285714
EIRE,2011-11-07,768,1157.33,1.5069401041666666
EIRE,2011-11-08,-15,-37.09,2.472666666666667
EIRE,2011-11-09,578,810.14,1.4016262975778546
EIRE,2011-11-10,496,1003.03,2.022237903225806
EIRE,2011-11-11,1252,2506.77,2.0022124600638977
EIRE,2011-11-13,2643,4454.44,1.6853726825576993
EIRE,2011-11-14,206,348.21,1.6903398058252426
EIRE,2011-11-15,1206,2246.31,1.8626119402985075
EIRE,2011-11-16,3082,4906.29,1.5919175859831278
EIRE,2011-11-17,631,1602.42,2.539492868462758
EIRE,2011-11-18,263,683.01,2.596996197718631
EIRE,2011-11-20,440,917.54,2.085318181818182
EIRE,2011-11-21,626,900.6,1.4386581469648563
EIRE,2011-11-22,1474,2032.32,1.3787788331071913
EIRE,2011-11-23,51,147.48,2.891764705882353
EIRE,2011-11-24,143,207.14,1.4485314685314685
EIRE,2011-11-25,92,293.79,3.1933695652173917
EIRE,2011-11-27,225,829.91,3.6884888888888887
EIRE,2011-11-28,945,1878.83,1.988179894179894
EIRE,2011-11-30,587,1594.64,2.7165928449744463
EIRE,2011-12-01,562,1021.07,1.8168505338078293
EIRE,2011-12-04,534,773.54,1.4485767790262172
EIRE,2011-12-05,219,587.4,2.682191780821918
EIRE,2011-12-07,1998,3856.89,1.9303753753753754
EIRE,2011-12-08,806,1084.14,1.3450868486352359
European Community,2011-04-26,34,191.4,5.629411764705883
European Community,2011-06-05,127,387.05,3.0476377952755906
European Community,2011-06-06,3,45.0,15.0
European Community,2011-06-10,-2,-8.5,4.25
European Community,2011-07-21,335,676.8,2.0202985074626865
Finland,2010-12-16,1254,892.8,0.7119617224880382
Finland,2011-01-21,164,661.58,4.034024390243903
Finland,2011-01-25,601,227.44,0.3784359400998336
Finland,2011-02-24,141,205.16,1.4550354609929077
Finland,2011-03-01,2127,4969.22,2.3362576398683594
Finland,2011-03-20,63,409.2,6.495238095238095
Finland,2011-03-21,-2,-12.2,6.1
Finland,2011-03-30,346,558.4,1.613872832369942
Finland,2011-04-05,269,367.0,1.3643122676579926
Finland,2011-04-07,-30,-62.11,2.070333333333333
Finland,2011-04-11,237,373.72,1.5768776371308018
Finland,2011-04-15,159,306.2,1.9257861635220126
Finland,2011-04-21,153,642.0,4.196078431372549
Finland,2011-06-23,157,329.56,2.099108280254777
Finland,2011-07-05,228,632.44,2.7738596491228074
Finland,2011-07-14,857,1710.39,1.9957876312718787
Finland,2011-07-19,188,653.9,3.478191489361702
Finland,2011-08-04,145,360.81,2.488344827586207
Finland,2011-08-11,385,605.14,1.5717922077922077
Finland,2011-08-23,-1,-4.95,4.95
Finland,2011-08-26,163,410.55,2.518711656441718
Finland,2011-09-02,87,230.3,2.647126436781609
Finland,2011-09-13,73,319.6,4.378082191780822
Finland,2011-09-22,138,245.55,1.7793478260869566
Finland,2011-09-25,217,310.0,1.4285714285714286
Finland,2011-10-04,73,310.0,4.2465753424657535
Finland,2011-10-12,468,936.93,2.0019871794871795
Finland,2011-10-13,236,640.5,2.7139830508474576
Finland,2011-10-27,284,701.79,2.4710915492957746
Finland,2011-10-31,53,214.9,4.054716981132076
Finland,2011-11-04,324,1241.28,3.831111111111111
Finland,2011-11-14,150,408.34,2.7222666666666666
Finland,2011-11-17,182,194.33,1.067747252747253
Finland,2011-11-23,73,310.0,4.2465753424657535
Finland,2011-11-29,91,227.2,2.4967032967032967
Finland,2011-11-30,264,569.09,2.1556439393939395
Finland,2011-12-01,218,890.0,4.08256880733945
Finland,2011-12-02,132,342.76,2.5966666666666667
Finland,2011-12-07,-1,-2.08,2.08
France,2010-12-01,449,855.86,1.9061469933184856
France,2010-12-03,239,425.38,1.7798326359832637
France,2010-12-05,611,1526.92,2.499050736497545
France,2010-12-07,752,1448.98,1.9268351063829787
France,2010-12-08,121,173.55,1.434297520661157
France,2010-12-09,1012,1832.58,1.8108498023715414
France,2010-12-10,418,1071.9,2.564354066985646
France,2010-12-15,134,195.89,1.461865671641791
France,2010-12-16,-3,-8.85,2.9499999999999997
France,2010-12-17,398,350.28,0.8801005025125628
France,2010-12-20,733,1371.19,1.8706548431105048
France,2010-12-21,26,221.28,8.510769230769231
France,2010-12-22,88,110.4,1.2545454545454546
France,2011-01-05,733,1369.28,1.868049113233288
France,2011-01-06,440,745.02,1.6932272727272726
France,2011-01-07,596,1065.09,1.7870637583892617
France,2011-01-09,78,114.0,1.4615384615384615
France,2011-01-10,635,1238.06,1.9497007874015748
France,2011-01-11,988,1512.64,1.531012145748988
France,2011-01-12,681,1405.68,2.0641409691629957
France,2011-01-14,1072,1790.43,1.6701772388059701
France,2011-01-17,268,732.14,2.731865671641791
France,2011-01-19,386,752.75,1.9501295336787565
France,2011-01-20,704,1472.88,2.092159090909091
France,2011-01-21,-3,-5.45,1.8166666666666667
France,2011-01-23,126,514.5,4.083333333333333
France,2011-01-24,84,190.2,2.2642857142857142
France,2011-01-25,-15,3.45,-0.23
France,2011-01-27,-9,-14.65,1.6277777777777778
France,2011-01-28,574,1079.83,1.8812369337979093
France,2011-01-31,1817,3537.22,1.9467363786461198
France,2011-02-01,200,510.85,2.55425
France,2011-02-02,368,641.39,1.742907608695652
France,2011-02-04,617,1236.73,2.004424635332253
France,2011-02-08,216,201.86,0.934537037037037
France,2011-02-09,301,455.02,1.5116943521594683
France,2011-02-10,454,321.56,0.7082819383259912
France,2011-02-14,-15,-6.3,0.42
France,2011-02-15,97,237.6,2.449484536082474
France,2011-02-16,776,901.66,1.1619329896907216
France,2011-02-17,116,250.0,2.1551724137931036
France,2011-02-18,756,964.4,1.2756613756613757
France,2011-02-21,334,746.82,2.235988023952096
France,2011-02-22,-10,-24.55,2.455
France,2011-02-23,362,439.76,1.2148066298342541
France,2011-02-27,71,110.6,1.5577464788732394
France,2011-02-28,658,1451.51,2.2059422492401217
France,2011-03-01,580,1146.26,1.9763103448275863
France,2011-03-03,342,573.16,1.675906432748538
France,2011-03-04,125,317.25,2.538
France,2011-03-07,-24,-20.4,0.85
France,2011-03-08,-15,-37.25,2.4833333333333334
France,2011-03-11,325,712.85,2.1933846153846153
France,2011-03-13,185,343.29,1.8556216216216217
France,2011-03-14,187,479.4,2.5636363636363635
France,2011-03-15,305,550.54,1.8050491803278688
France,2011-03-16,160,262.8,1.6425
France,2011-03-20,423,316.02,0.7470921985815603
France,2011-03-21,90,205.87,2.2874444444444446
France,2011-03-22,201,523.98,2.606865671641791
France,2011-03-23,1233,1891.28,1.5338848337388482
France,2011-03-25,264,357.91,1.355719696969697
France,2011-03-27,61,164.05,2.6893442622950823
France,2011-03-28,848,1136.3,1.3399764150943396
France,2011-03-31,3349,5593.59,1.6702269334129591
France,2011-04-01,327,382.8,1.1706422018348623
France,2011-04-04,298,719.55,2.4145973154362417
France,2011-04-05,0,0.0,
France,2011-04-07,239,366.2,1.5322175732217573
France,2011-04-11,-3,-38.25,12.75
France,2011-04-14,284,615.2,2.1661971830985918
France,2011-04-17,402,630.22,1.5677114427860697
France,2011-04-18,-61,-86.0,1.4098360655737705
France,2011-04-20,200,541.2,2.7060000000000004
France,2011-04-21,301,706.55,2.3473421926910296
France,2011-04-26,84,160.54,1.911190476190476
France,2011-04-27,-2,-11.9,5.95
France,2011-04-28,147,209.1,1.4224489795918367
France,2011-05-03,1046,1823.34,1.7431548757170172
France,2011-05-05,100,236.0,2.36
France,2011-05-08,777,1056.43,1.3596267696267696
France,2011-05-09,495,537.9,1.0866666666666667
France,2011-05-10,460,489.1,1.0632608695652175
France,2011-05-11,1593,3018.73,1.8949968612680477
France,2011-05-12,106,296.53,2.797452830188679
France,2011-05-13,505,1000.51,1.9812079207920792
France,2011-05-15,141,151.4,1.073758865248227
France,2011-05-16,283,756.62,2.6735689045936395
France,2011-05-17,479,793.62,1.6568267223382045
France,2011-05-18,334,869.53,2.603383233532934
France,2011-05-19,562,914.51,1.6272419928825623
France,2011-05-20,470,1100.55,2.341595744680851
France,2011-05-22,298,910.71,3.056073825503356
France,2011-05-23,306,421.96,1.378954248366013
France,2011-05-24,210,393.34,1.8730476190476189
France,2011-05-25,742,1280.82,1.7261725067385445
France,2011-05-26,514,630.5,1.2266536964980546
France,2011-05-27,157,403.09,2.567452229299363
France,2011-05-31,202,441.89,2.1875742574257426
France,2011-06-05,1909,3442.51,1.8033053954950238
France,2011-06-06,115,371.45,3.23
France,2011-06-08,1128,1311.74,1.1628900709219858
France,2011-06-09,787,1030.59,1.3095171537484116
France,2011-06-10,164,480.0,2.926829268292683
France,2011-06-12,716,360.18,0.5030446927374301
France,2011-06-13,904,2399.62,2.654446902654867
France,2011-06-15,1007,1856.11,1.8432075471698113
France,2011-06-16,270,510.27,1.8898888888888887
France,2011-06-17,490,1319.38,2.6926122448979593
France,2011-06-19,63,125.46,1.9914285714285713
France,2011-06-20,262,734.56,2.8036641221374046
France,2011-06-21,351,257.3,0.733048433048433
France,2011-06-22,658,852.44,1.295501519756839
France,2011-06-24,413,634.74,1.5369007263922518
France,2011-06-27,119,201.24,1.69109243697479
France,2011-06-28,109,134.28,1.2319266055045872
France,2011-06-30,-24,-30.0,1.25
France,2011-07-01,364,451.86,1.2413736263736264
France,2011-07-04,259,474.36,1.8315057915057915
France,2011-07-05,319,644.45,2.0202194357366774
France,2011-07-06,597,1056.62,1.7698827470686764
France,2011-07-08,662,1193.25,1.8024924471299093
France,2011-07-11,290,611.08,2.1071724137931036
France,2011-07-12,616,1223.85,1.9867694805194804
France,2011-07-13,667,915.46,1.372503748125937
France,2011-07-17,47,150.1,3.1936170212765957
France,2011-07-18,921,1866.08,2.02614549402823
France,2011-07-19,33,99.6,3.018181818181818
France,2011-07-21,-3,-46.65,15.549999999999999
France,2011-07-24,236,412.93,1.7497033898305085
France,2011-07-27,148,204.75,1.383445945945946
France,2011-07-28,-3,-46.65,15.549999999999999
France,2011-07-29,503,677.9,1.347713717693837
France,2011-08-02,52,85.8,1.65
France,2011-08-03,699,1202.22,1.719914163090129
France,2011-08-04,281,511.03,1.818612099644128
France,2011-08-05,486,830.3,1.7084362139917695
France,2011-08-10,197,248.35,1.2606598984771573
France,2011-08-12,170,391.18,2.3010588235294116
France,2011-08-14,3,46.65,15.549999999999999
France,2011-08-15,607,1161.07,1.912800658978583
France,2011-08-17,400,580.08,1.4502000000000002
France,2011-08-18,463,764.79,1.651814254859611
France,2011-08-19,462,612.29,1.3253030303030302
France,2011-08-21,270,528.77,1.9584074074074074
France,2011-08-23,460,947.36,2.0594782608695654
France,2011-08-24,246,428.91,1.7435365853658538
France,2011-08-25,1314,2169.21,1.6508447488584475
France,2011-08-26,694,1130.95,1.6296109510086456
France,2011-08-31,1144,2150.3,1.8796328671328673
France,2011-09-02,427,942.76,2.207868852459016
France,2011-09-04,509,891.82,1.7521021611001966
France,2011-09-05,279,879.53,3.152437275985663
France,2011-09-07,1637,2889.76,1.765277947464875
France,2011-09-08,860,1461.49,1.699406976744186
France,2011-09-09,1116,2074.8,1.8591397849462368
France,2011-09-11,43,112.38,2.6134883720930233
France,2011-09-13,73,94.32,1.2920547945205478
France,2011-09-14,438,357.32,0.8157990867579908
France,2011-09-15,1228,2656.31,2.1631188925081433
France,2011-09-16,-6,-25.5,4.25
France,2011-09-19,847,2035.05,2.402656434474616
France,2011-09-20,306,377.66,1.2341830065359478
France,2011-09-21,821,1083.76,1.3200487210718637
France,2011-09-22,1203,1661.7,1.3812967581047382
France,2011-09-23,479,790.54,1.6503966597077244
France,2011-09-25,281,775.99,2.7615302491103204
France,2011-09-26,-14,-15.2,1.0857142857142856
France,2011-09-27,54,164.05,3.037962962962963
France,2011-09-28,268,644.75,2.405783582089552
France,2011-09-29,992,1395.68,1.4069354838709678
France,2011-09-30,1071,1949.9,1.8206349206349208
France,2011-10-03,158,358.4,2.2683544303797465
France,2011-10-04,115,357.3,3.1069565217391304
France,2011-10-05,1242,2059.2,1.6579710144927535
France,2011-10-06,25,145.2,5.808
France,2011-10-07,527,675.36,1.2815180265654649
France,2011-10-10,211,410.08,1.9435071090047393
France,2011-10-11,2788,4242.86,1.5218292682926828
France,2011-10-12,656,1360.29,2.073612804878049
France,2011-10-13,124,331.72,2.6751612903225808
France,2011-10-14,198,452.76,2.2866666666666666
France,2011-10-17,-3,-3.18,1.06
France,2011-10-18,-2,-2.12,1.06
France,2011-10-19,733,2792.96,3.81031377899045
France,2011-10-20,530,1056.9,1.9941509433962266
France,2011-10-27,564,1103.79,1.9570744680851062
France,2011-10-28,5246,8990.46,1.7137743042317954
France,2011-10-30,209,214.74,1.0274641148325359
France,2011-10-31,416,485.32,1.1666346153846154
France,2011-11-01,1031,1829.81,1.774791464597478
France,2011-11-02,291,633.44,2.176769759450172
France,2011-11-03,1010,1567.38,1.551861386138614
France,2011-11-04,332,399.51,1.2033433734939758
France,2011-11-07,292,288.67,0.988595890410959
France,2011-11-08,868,1380.27,1.5901728110599078
France,2011-11-09,499,1068.82,2.1419238476953906
France,2011-11-10,1347,2128.03,1.5798292501855977
France,2011-11-11,1836,2358.91,1.284809368191721
France,2011-11-13,69,123.08,1.7837681159420289
France,2011-11-14,894,1666.42,1.8640044742729307
France,2011-11-15,481,809.22,1.6823700623700624
France,2011-11-16,687,1575.28,2.2929839883551675
France,2011-11-17,1605,3254.12,2.0274890965732086
France,2011-11-18,550,1072.68,1.950327272727273
France,2011-11-20,298,838.71,2.8144630872483223
France,2011-11-21,271,397.72,1.4676014760147602
France,2011-11-22,361,943.63,2.61393351800554
France,2011-11-23,219,348.38,1.5907762557077625
France,2011-11-24,599,1982.67,3.309966611018364
France,2011-11-25,825,1206.31,1.4621939393939394
France,2011-11-28,516,733.27,1.4210658914728682
France,2011-11-29,645,1339.12,2.0761550387596897
France,2011-11-30,1560,2752.06,1.7641410256410257
France,2011-12-01,492,931.39,1.893069105691057
France,2011-12-02,649,1370.36,2.111494607087827
France,2011-12-04,542,1031.89,1.9038560885608857
France,2011-12-05,477,797.48,1.6718658280922432
France,2011-12-06,787,1403.94,1.7839135959339263
France,2011-12-07,561,1117.62,1.9921925133689837
France,2011-12-08,18,146.7,8.149999999999999
France,2011-12-09,105,249.45,2.3757142857142854
Germany,2010-12-01,117,139.18,1.1895726495726495
Germany,2010-12-02,146,138.35,0.9476027397260274
Germany,2010-12-03,170,555.53,3.2678235294117646
Germany,2010-12-05,1362,2476.69,1.8184214390602056
Germany,2010-12-06,85,162.44,1.9110588235294117
Germany,2010-12-07,155,596.8,3.850322580645161
Germany,2010-12-08,136,509.95,3.7496323529411764
Germany,2010-12-09,380,891.79,2.346815789473684
Germany,2010-12-10,1096,2360.41,2.1536587591240877
Germany,2010-12-13,-2,-12.45,6.225
Germany,2010-12-15,-12,-52.9,4.408333333333333
Germany,2010-12-16,-7,-11.55,1.6500000000000001
Germany,2010-12-17,1657,4672.82,2.8200482800241398
Germany,2010-12-19,337,469.87,1.394272997032641
Germany,2010-12-20,177,331.31,1.8718079096045197
Germany,2010-12-23,926,1334.6,1.4412526997840172
Germany,2011-01-05,-56,-148.54,2.6525
Germany,2011-01-06,-4,-6.6,1.65
Germany,2011-01-07,2658,3976.13,1.4959104589917231
Germany,2011-01-10,633,660.43,1.0433333333333332
Germany,2011-01-11,87,144.26,1.6581609195402298
Germany,2011-01-12,96,249.4,2.597916666666667
Germany,2011-01-13,100,753.45,7.5345
Germany,2011-01-14,248,534.02,2.1533064516129032
Germany,2011-01-17,583,1316.9,2.2588336192109777
Germany,2011-01-18,113,132.52,1.1727433628318584
Germany,2011-01-19,37,63.0,1.7027027027027026
Germany,2011-01-21,-19,-62.25,3.276315789473684
Germany,2011-01-24,1203,2364.78,1.9657356608478804
Germany,2011-01-25,1135,2372.14,2.089991189427313
Germany,2011-01-26,692,1175.76,1.6990751445086705
Germany,2011-01-27,392,673.53,1.718188775510204
Germany,2011-01-28,-61,-79.71,1.3067213114754097
Germany,2011-01-31,1069,2332.21,2.1816744621141253
Germany,2011-02-01,44,264.65,6.014772727272727
Germany,2011-02-02,34,50.1,1.473529411764706
Germany,2011-02-03,434,1642.54,3.784654377880184
Germany,2011-02-04,-7,-71.9,10.271428571428572
Germany,2011-02-07,-41,-94.93,2.3153658536585366
Germany,2011-02-08,-34,-125.93,3.703823529411765
Germany,2011-02-09,160,168.9,1.055625
Germany,2011-02-10,228,351.95,1.543640350877193
Germany,2011-02-11,620,2231.15,3.5986290322580645
Germany,2011-02-14,454,769.74,1.6954625550660793
Germany,2011-02-17,380,540.58,1.4225789473684212
Germany,2011-02-18,108,152.4,1.4111111111111112
Germany,2011-02-21,789,1401.29,1.7760329531051964
Germany,2011-02-23,201,388.3,1.9318407960199007
Germany,2011-02-25,713,1300.4,1.823842917251052
Germany,2011-03-01,384,762.5,1.9856770833333333
Germany,2011-03-03,536,725.28,1.353134328358209
Germany,2011-03-07,358,817.56,2.283687150837989
Germany,2011-03-08,437,884.63,2.024324942791762
Germany,2011-03-11,611,973.17,1.5927495908346971
Germany,2011-03-14,-7,-44.85,6.4071428571428575
Germany,2011-03-16,50,300.7,6.013999999999999
Germany,2011-03-17,754,1311.45,1.7393236074270557
Germany,2011-03-18,1252,2390.93,1.9096884984025557
Germany,2011-03-20,114,363.93,3.1923684210526315
Germany,2011-03-22,976,1319.98,1.352438524590164
Germany,2011-03-24,-13,-45.15,3.473076923076923
Germany,2011-03-25,1132,2645.14,2.336696113074205
Germany,2011-03-27,-3,-3.75,1.25
Germany,2011-03-28,848,1087.47,1.2823938679245284
Germany,2011-03-30,153,364.05,2.3794117647058823
Germany,2011-03-31,93,316.98,3.408387096774194
Germany,2011-04-01,115,348.68,3.032
Germany,2011-04-04,390,674.29,1.728948717948718
Germany,2011-04-05,-31,-56.35,1.817741935483871
Germany,2011-04-06,-14,-5.46,0.39
Germany,2011-04-07,238,415.7,1.7466386554621849
Germany,2011-04-08,842,1666.6,1.979334916864608
Germany,2011-04-11,464,630.32,1.358448275862069
Germany,2011-04-14,1207,3439.06,2.8492626346313172
Germany,2011-04-18,0,0.0,
Germany,2011-04-19,1497,2590.9,1.7307281229124918
Germany,2011-04-20,232,417.6,1.8
Germany,2011-04-21,215,382.6,1.7795348837209304
Germany,2011-04-26,-16,-37.25,2.328125
Germany,2011-04-27,468,1209.8,2.5850427350427347
Germany,2011-04-28,85,286.88,3.375058823529412
Germany,2011-05-01,647,1094.33,1.691391035548686
Germany,2011-05-03,-8,-13.1,1.6375
Germany,2011-05-04,506,822.74,1.6259683794466404
Germany,2011-05-05,69,440.38,6.38231884057971
Germany,2011-05-06,222,240.98,1.0854954954954954
Germany,2011-05-09,372,624.48,1.6787096774193548
Germany,2011-05-10,313,797.05,2.546485623003195
Germany,2011-05-11,197,369.05,1.8733502538071067
Germany,2011-05-12,5825,12165.25,2.0884549356223174
Germany,2011-05-13,324,881.2,2.7197530864197534
Germany,2011-05-17,529,742.28,1.4031758034026465
Germany,2011-05-19,1268,2059.22,1.6239905362776024
Germany,2011-05-20,-2,-29.9,14.95
Germany,2011-05-22,968,1703.81,1.760134297520661
Germany,2011-05-23,436,985.88,2.2611926605504586
Germany,2011-05-24,121,293.25,2.4235537190082646
Germany,2011-05-26,533,1027.53,1.9278236397748592
Germany,2011-05-27,342,716.73,2.095701754385965
Germany,2011-05-29,258,582.73,2.2586434108527134
Germany,2011-05-31,31,67.46,2.176129032258064
Germany,2011-06-01,547,613.79,1.1221023765996343
Germany,2011-06-02,1067,1970.88,1.8471227741330836
Germany,2011-06-03,23,68.1,2.960869565217391
Germany,2011-06-05,529,1002.63,1.8953308128544424
Germany,2011-06-06,282,489.45,1.7356382978723404
Germany,2011-06-07,-71,-40.46,0.5698591549295775
Germany,2011-06-09,117,475.14,4.061025641025641
Germany,2011-06-10,92,627.4,6.819565217391304
Germany,2011-06-12,345,583.2,1.6904347826086958
Germany,2011-06-13,1309,2557.64,1.9538884644766996
Germany,2011-06-16,469,679.15,1.4480810234541577
Germany,2011-06-20,1337,1920.4,1.4363500373971578
Germany,2011-06-21,272,427.76,1.5726470588235293
Germany,2011-06-23,145,276.93,1.9098620689655172
Germany,2011-06-24,73,185.64,2.5430136986301366
Germany,2011-06-26,15,44.25,2.95
Germany,2011-06-30,797,1199.12,1.5045420326223335
Germany,2011-07-01,54,37.27,0.6901851851851852
Germany,2011-07-04,864,1028.42,1.190300925925926
Germany,2011-07-07,550,1183.29,2.1514363636363636
Germany,2011-07-08,559,1001.69,1.7919320214669052
Germany,2011-07-12,569,558.96,0.9823550087873463
Germany,2011-07-13,94,281.71,2.996914893617021
Germany,2011-07-14,1078,1550.83,1.4386178107606677
Germany,2011-07-15,416,1337.11,3.2142067307692304
Germany,2011-07-17,107,345.23,3.2264485981308413
Germany,2011-07-19,1418,2438.5,1.719675599435825
Germany,2011-07-20,463,947.97,2.047451403887689
Germany,2011-07-21,826,1905.63,2.3070581113801456
Germany,2011-07-22,426,768.02,1.8028638497652583
Germany,2011-07-24,472,612.1,1.2968220338983052
Germany,2011-07-25,742,1131.18,1.524501347708895
Germany,2011-07-26,-45,-147.9,3.2866666666666666
Germany,2011-07-27,227,440.7,1.941409691629956
Germany,2011-07-28,177,385.14,2.1759322033898303
Germany,2011-07-29,-6,-84.19,14.031666666666666
Germany,2011-08-01,651,1089.18,1.6730875576036868
Germany,2011-08-02,726,1135.27,1.563732782369146
Germany,2011-08-03,187,221.04,1.1820320855614972
Germany,2011-08-04,580,1249.93,2.1550517241379312
Germany,2011-08-05,553,1066.1,1.9278481012658226
Germany,2011-08-07,60,107.4,1.79
Germany,2011-08-08,273,416.65,1.526190476190476
Germany,2011-08-09,35,102.98,2.9422857142857146
Germany,2011-08-11,-1,-9.95,9.95
Germany,2011-08-12,-15,-36.05,2.4033333333333333
Germany,2011-08-15,462,378.12,0.8184415584415584
Germany,2011-08-16,22,115.3,5.240909090909091
Germany,2011-08-17,372,748.06,2.0109139784946235
Germany,2011-08-19,321,877.63,2.7340498442367602
Germany,2011-08-21,187,324.83,1.7370588235294118
Germany,2011-08-22,1063,2269.37,2.1348730009407335
Germany,2011-08-23,349,443.17,1.2698280802292263
Germany,2011-08-24,1332,1691.43,1.2698423423423424
Germany,2011-08-25,399,620.15,1.5542606516290727
Germany,2011-08-26,260,405.13,1.5581923076923077
Germany,2011-08-30,133,403.83,3.0363157894736843
Germany,2011-08-31,1611,5404.08,3.354487895716946
Germany,2011-09-01,-14,-37.7,2.692857142857143
Germany,2011-09-02,300,378.86,1.2628666666666668
Germany,2011-09-04,1608,2390.71,1.4867599502487563
Germany,2011-09-05,-5,-19.03,3.806
Germany,2011-09-06,676,1002.44,1.4828994082840237
Germany,2011-09-08,665,1235.38,1.8577142857142859
Germany,2011-09-09,-45,-149.03,3.311777777777778
Germany,2011-09-11,1052,1653.89,1.572138783269962
Germany,2011-09-13,213,199.8,0.9380281690140846
Germany,2011-09-14,265,351.65,1.3269811320754716
Germany,2011-09-16,456,1231.97,2.7016885964912283
Germany,2011-09-19,1658,2170.84,1.3093124246079615
Germany,2011-09-20,92,128.28,1.3943478260869566
Germany,2011-09-21,772,1049.04,1.358860103626943
Germany,2011-09-22,333,708.23,2.1268168168168167
Germany,2011-09-23,1712,2569.5,1.500876168224299
Germany,2011-09-26,262,704.04,2.687175572519084
Germany,2011-09-27,205,402.45,1.963170731707317
Germany,2011-09-28,162,359.92,2.2217283950617284
Germany,2011-09-29,484,1107.13,2.2874586776859505
Germany,2011-09-30,177,281.94,1.5928813559322035
Germany,2011-10-04,-3,-7.05,2.35
Germany,2011-10-05,2151,4178.92,1.9427801022780102
Germany,2011-10-06,2469,3915.78,1.585978128797084
Germany,2011-10-07,2053,2866.85,1.3964198733560642
Germany,2011-10-10,109,272.98,2.5044036697247707
Germany,2011-10-11,567,962.99,1.6983950617283952
Germany,2011-10-12,772,1231.46,1.5951554404145079
Germany,2011-10-13,932,2047.14,2.196502145922747
Germany,2011-10-14,493,1925.28,3.905233265720081
Germany,2011-10-17,2798,3512.87,1.2554932094353108
Germany,2011-10-18,725,1315.27,1.8141655172413793
Germany,2011-10-19,1918,2588.86,1.3497705943691345
Germany,2011-10-20,711,1118.05,1.572503516174402
Germany,2011-10-21,270,1347.05,4.9890740740740736
Germany,2011-10-23,-2,-15.7,7.85
Germany,2011-10-24,-15,-38.45,2.5633333333333335
Germany,2011-10-25,428,1097.16,2.5634579439252336
Germany,2011-10-26,24,119.74,4.989166666666667
Germany,2011-10-27,206,309.21,1.501019417475728
Germany,2011-10-28,535,1080.33,2.0193084112149533
Germany,2011-10-31,495,785.53,1.5869292929292929
Germany,2011-11-02,52,120.23,2.312115384615385
Germany,2011-11-03,417,817.97,1.961558752997602
Germany,2011-11-04,-4,-21.65,5.4125
Germany,2011-11-06,887,1184.05,1.3348928974069898
Germany,2011-11-07,277,548.85,1.9814079422382673
Germany,2011-11-08,-97,-237.26,2.445979381443299
Germany,2011-11-09,86,447.75,5.2063953488372094
Germany,2011-11-10,142,294.74,2.0756338028169017
Germany,2011-11-11,1575,2990.87,1.8989650793650792
Germany,2011-11-14,212,550.11,2.594858490566038
Germany,2011-11-15,596,893.41,1.499010067114094
Germany,2011-11-16,2184,3594.12,1.6456593406593407
Germany,2011-11-17,1369,3684.91,2.6916800584368152
Germany,2011-11-18,491,1102.72,2.2458655804480654
Germany,2011-11-20,53,219.0,4.132075471698113
Germany,2011-11-21,284,366.45,1.2903169014084506
Germany,2011-11-22,552,1018.77,1.8455978260869565
Germany,2011-11-23,574,712.01,1.2404355400696865
Germany,2011-11-24,1930,4244.42,2.199181347150259
Germany,2011-11-25,45,125.22,2.7826666666666666
Germany,2011-11-28,397,1349.4,3.3989924433249374
Germany,2011-11-29,639,1358.86,2.126541471048513
Germany,2011-11-30,261,679.4,2.6030651340996167
Germany,2011-12-01,247,695.87,2.8172874493927127
Germany,2011-12-02,-6,37.83,-6.305
Germany,2011-12-04,504,1179.87,2.3410119047619045
Germany,2011-12-05,148,269.35,1.8199324324324326
Germany,2011-12-06,-29,-36.65,1.263793103448276
Germany,2011-12-07,1220,2879.26,2.360049180327869
Germany,2011-12-08,969,1089.45,1.1243034055727554
Germany,2011-12-09,880,1689.72,1.9201363636363638
Greece,2011-01-24,526,2661.24,5.059391634980988
Greece,2011-03-04,289,387.31,1.3401730103806229
Greece,2011-04-08,262,609.74,2.3272519083969465
Greece,2011-07-11,243,371.24,1.5277366255144034
Greece,2011-12-06,236,680.99,2.885550847457627
Hong Kong,2011-01-24,1121,2439.76,2.176413916146298
Hong Kong,2011-03-15,0,0.0,
Hong Kong,2011-04-12,732,1539.64,2.1033333333333335
Hong Kong,2011-05-13,1262,1966.16,1.5579714738510302
Hong Kong,2011-06-22,537,633.96,1.1805586592178772
Hong Kong,2011-08-23,736,2813.95,3.8233016304347824
Hong Kong,2011-09-19,0,0.0,
Hong Kong,2011-10-04,-1,-10.95,10.95
Hong Kong,2011-10-18,236,423.42,1.7941525423728815
Hong Kong,2011-10-28,146,311.1,2.1308219178082193
Hong Kong,2011-11-14,0,0.0,
Iceland,2010-12-07,319,711.79,2.2313166144200625
Iceland,2011-01-26,315,475.39,1.5091746031746032
Iceland,2011-04-07,483,636.25,1.3172877846790891
Iceland,2011-06-09,196,382.52,1.9516326530612245
Iceland,2011-08-02,277,584.91,2.1115884476534297
Iceland,2011-10-31,676,1294.32,1.9146745562130176
Iceland,2011-12-07,192,224.82,1.1709375
Israel,2010-12-15,-56,-227.44,4.061428571428571
Israel,2011-01-10,100,379.84,3.7983999999999996
Israel,2011-02-16,286,779.1,2.7241258741258743
Israel,2011-04-01,30,110.0,3.6666666666666665
Israel,2011-07-14,633,1430.75,2.2602685624012637
Israel,2011-08-18,3028,4873.81,1.6095805812417439
Israel,2011-09-09,233,423.73,1.8185836909871245
Israel,2011-10-04,99,138.03,1.3942424242424243
Italy,2010-12-03,164,427.8,2.6085365853658535
Italy,2010-12-06,-2,-17.0,8.5
Italy,2010-12-21,131,383.7,2.929007633587786
Italy,2011-01-05,-3,-7.65,2.5500000000000003
Italy,2011-01-13,748,1608.66,2.1506149732620323
Italy,2011-01-21,145,341.0,2.3517241379310345
Italy,2011-01-26,228,452.85,1.9861842105263159
Italy,2011-01-27,-22,-33.5,1.5227272727272727
Italy,2011-02-11,-1,-4.5,4.5
Italy,2011-02-18,111,256.0,2.3063063063063063
Italy,2011-03-04,84,463.63,5.519404761904762
Italy,2011-03-14,-2,-9.9,4.95
Italy,2011-03-17,440,1017.68,2.312909090909091
Italy,2011-03-28,163,307.5,1.8865030674846626
Italy,2011-04-07,445,482.79,1.0849213483146067
Italy,2011-04-19,208,255.04,1.2261538461538461
Italy,2011-05-31,267,587.45,2.200187265917603
Italy,2011-06-07,31,159.11,5.1325806451612905
Italy,2011-06-09,24,42.96,1.79
Italy,2011-06-29,-4,-39.8,9.95
Italy,2011-07-26,22,147.1,6.6863636363636365
Italy,2011-08-04,-5,-31.85,6.37
Italy,2011-08-05,457,946.75,2.0716630196936543
Italy,2011-08-10,521,721.95,1.385700575815739
Italy,2011-08-11,-13,-11.55,0.8884615384615385
Italy,2011-08-25,168,309.5,1.8422619047619047
Italy,2011-09-20,48,279.8,5.829166666666667
Italy,2011-10-06,-9,-48.35,5.372222222222223
Italy,2011-10-13,60,318.06,5.301
Italy,2011-10-18,846,1193.32,1.4105437352245862
Italy,2011-10-24,289,722.4,2.4996539792387544
Italy,2011-10-25,251,435.09,1.733426294820717
Italy,2011-10-26,-6,-30.55,5.091666666666667
Italy,2011-10-27,4,160.0,40.0
Italy,2011-10-30,62,343.0,5.532258064516129
Italy,2011-10-31,85,317.82,3.7390588235294118
Italy,2011-11-01,3,120.0,40.0
Italy,2011-11-02,48,85.92,1.79
Italy,2011-11-14,-22,-103.2,4.690909090909091
Italy,2011-11-17,169,248.2,1.4686390532544378
Italy,2011-11-18,544,1363.16,2.505808823529412
Italy,2011-11-21,631,1757.55,2.7853407290015846
Italy,2011-11-22,142,611.19,4.304154929577465
Italy,2011-11-23,525,358.73,0.6832952380952382
Italy,2011-11-30,-21,-197.8,9.41904761904762
Italy,2011-12-06,45,200.45,4.454444444444444
Japan,2010-12-05,196,320.08,1.6330612244897957
Japan,2010-12-09,1488,3794.4,2.5500000000000003
Japan,2010-12-12,2409,3590.59,1.4904898298048983
Japan,2011-01-06,-45,-109.8,2.44
Japan,2011-02-04,37,45.57,1.2316216216216216
Japan,2011-02-09,2962,5735.24,1.9362727886563131
Japan,2011-03-02,-11,-28.09,2.5536363636363637
Japan,2011-03-04,3,17.55,5.8500000000000005
Japan,2011-03-07,9,-63.12,-7.013333333333333
Japan,2011-04-04,-624,-1591.2,2.5500000000000003
Japan,2011-04-05,1626,3599.38,2.213640836408364
Japan,2011-04-18,6432,2949.12,0.45850746268656717
Japan,2011-04-26,-33,-85.47,2.59
Japan,2011-05-13,743,1351.45,1.8189098250336475
Japan,2011-06-22,2256,1607.04,0.7123404255319149
Japan,2011-07-24,120,174.0,1.45
Japan,2011-07-27,2208,3680.4,1.6668478260869566
Japan,2011-08-23,-27,-49.79,1.844074074074074
Japan,2011-09-14,144,112.08,0.7783333333333333
Japan,2011-10-26,1124,1948.04,1.7331316725978647
Japan,2011-11-17,2210,4808.48,2.175782805429864
Japan,2011-11-29,2040,3651.6,1.79
Japan,2011-12-06,-49,-116.93,2.386326530612245
Lebanon,2011-01-27,386,1693.88,4.388290155440415
Lithuania,2010-12-05,622,1598.06,2.5692282958199355
Lithuania,2010-12-08,30,63.0,2.1
Malta,2011-06-08,378,833.16,2.204126984126984
Malta,2011-06-16,-3,-12.75,4.25
Malta,2011-06-22,24,30.0,1.25
Malta,2011-08-15,303,905.5,2.9884488448844886
Malta,2011-08-22,79,213.5,2.7025316455696204
Malta,2011-08-30,-5,-15.75,3.15
Malta,2011-11-17,184,613.43,3.333858695652174
Malta,2011-11-23,-8,-30.81,3.85125
Malta,2011-12-01,-8,-30.81,3.85125
Netherlands,2010-12-01,97,192.6,1.9855670103092784
Netherlands,2010-12-20,46,70.96,1.5426086956521738
Netherlands,2010-12-21,6668,8520.92,1.277882423515297
Netherlands,2011-01-14,8210,10389.06,1.265415347137637
Netherlands,2011-01-19,6072,7722.04,1.271745718050066
Netherlands,2011-01-20,288,305.28,1.0599999999999998
Netherlands,2011-01-21,5730,8060.3,1.4066841186736474
Netherlands,2011-01-31,117,134.48,1.1494017094017093
Netherlands,2011-02-01,113,214.45,1.8977876106194689
Netherlands,2011-02-03,-24,-34.8,1.45
Netherlands,2011-02-08,1123,1261.28,1.1231344612644703
Netherlands,2011-02-21,12208,18279.48,1.4973361730013106
Netherlands,2011-02-22,2940,3211.7,1.0924149659863944
Netherlands,2011-03-09,277,444.8,1.6057761732851985
Netherlands,2011-03-14,152,117.93,0.7758552631578948
Netherlands,2011-03-22,170,235.71,1.386529411764706
Netherlands,2011-03-25,835,1563.51,1.8724670658682634
Netherlands,2011-03-29,12186,18247.5,1.4974150664697194
Netherlands,2011-03-30,1208,1807.04,1.4958940397350993
Netherlands,2011-04-05,1336,2284.2,1.7097305389221555
Netherlands,2011-04-28,432,692.36,1.6026851851851853
Netherlands,2011-05-11,279,824.4,2.954838709677419
Netherlands,2011-05-12,13262,16478.46,1.2425320464484995
Netherlands,2011-05-18,412,732.4,1.7776699029126213
Netherlands,2011-05-20,128,294.72,2.3025
Netherlands,2011-05-25,960,1392.0,1.45
Netherlands,2011-05-26,4664,8980.88,1.92557461406518
Netherlands,2011-05-31,231,483.02,2.090995670995671
Netherlands,2011-06-01,2874,5422.8,1.886847599164927
Netherlands,2011-06-03,329,419.8,1.2759878419452888
Netherlands,2011-06-06,314,427.58,1.36171974522293
Netherlands,2011-06-09,73,69.0,0.9452054794520548
Netherlands,2011-06-19,4718,5683.06,1.2045485375158966
Netherlands,2011-06-20,61,154.67,2.535573770491803
Netherlands,2011-06-21,353,637.72,1.80657223796034
Netherlands,2011-06-28,11010,14028.46,1.274156221616712
Netherlands,2011-07-20,10,26.02,2.602
Netherlands,2011-08-09,8182,12498.71,1.5275861647518942
Netherlands,2011-08-11,14730,19150.66,1.300112695179905
Netherlands,2011-08-12,992,825.6,0.832258064516129
Netherlands,2011-08-18,-1,-206.4,206.4
Netherlands,2011-08-23,288,424.8,1.475
Netherlands,2011-08-26,5684,7428.04,1.3068332160450387
Netherlands,2011-08-31,-768,-465.6,0.6062500000000001
Netherlands,2011-09-08,1013,1946.68,1.9216979269496546
Netherlands,2011-09-09,145,186.56,1.2866206896551724
Netherlands,2011-09-13,4951,8281.12,1.6726156332054132
Netherlands,2011-09-19,10649,15618.28,1.466642877265471
Netherlands,2011-09-22,551,904.62,1.6417785843920145
Netherlands,2011-10-05,4,91.85,22.9625
Netherlands,2011-10-06,357,841.55,2.357282913165266
Netherlands,2011-10-07,212,171.93,0.8109905660377359
Netherlands,2011-10-18,272,448.92,1.6504411764705882
Netherlands,2011-10-20,18140,25833.56,1.4241212789415656
Netherlands,2011-10-21,2476,3325.62,1.3431421647819062
Netherlands,2011-10-27,5769,9995.22,1.7325741029641184
Netherlands,2011-11-02,2732,4486.91,1.642353587115666
Netherlands,2011-11-10,7786,9823.12,1.2616388389416904
Netherlands,2011-11-16,147,232.5,1.5816326530612246
Netherlands,2011-11-18,34,166.0,4.882352941176471
Netherlands,2011-11-20,154,140.24,0.9106493506493507
Netherlands,2011-11-22,514,809.6,1.5750972762645914
Netherlands,2011-11-23,7244,10078.64,1.3913086692435117
Netherlands,2011-11-30,51,119.0,2.3333333333333335
Netherlands,2011-12-07,7818,11477.42,1.468076234331031
Netherlands,2011-12-08,140,250.6,1.79
Norway,2010-12-01,1852,1919.14,1.0362526997840174
Norway,2010-12-08,1730,1867.98,1.079757225433526
Norway,2011-02-02,197,334.4,1.69746192893401
Norway,2011-02-16,98,296.5,3.0255102040816326
Norway,2011-03-01,26,144.35,5.551923076923076
Norway,2011-03-17,63,120.33,1.91
Norway,2011-03-22,1,40.0,40.0
Norway,2011-06-20,1426,3316.66,2.3258485273492284
Norway,2011-06-21,582,1870.2,3.2134020618556702
Norway,2011-06-22,1,700.0,700.0
Norway,2011-07-22,586,890.07,1.5188907849829352
Norway,2011-08-10,68,757.07,11.133382352941178
Norway,2011-08-12,568,1268.74,2.2336971830985917
Norway,2011-08-31,-25,-41.35,1.6540000000000001
Norway,2011-09-01,211,509.01,2.4123696682464453
Norway,2011-09-09,1849,2608.11,1.410551649540292
Norway,2011-09-15,178,562.54,3.1603370786516853
Norway,2011-09-19,2262,4366.78,1.930495137046861
Norway,2011-09-20,103,366.25,3.5558252427184467
Norway,2011-09-28,52,266.25,5.1201923076923075
Norway,2011-10-11,1,6.0,6.0
Norway,2011-10-12,86,883.51,10.273372093023255
Norway,2011-10-27,1231,1755.06,1.425718927701056
Norway,2011-10-28,374,1042.66,2.787860962566845
Norway,2011-11-03,127,311.73,2.4545669291338585
Norway,2011-11-06,146,419.06,2.8702739726027398
Norway,2011-11-18,242,936.64,3.870413223140496
Norway,2011-11-25,594,2016.78,3.395252525252525
Norway,2011-11-30,2299,2843.29,1.236750761200522
Norway,2011-12-05,92,147.01,1.5979347826086956
Norway,2011-12-09,2227,2638.69,1.184863044454423
Poland,2010-12-03,140,248.16,1.7725714285714285
Poland,2011-01-17,288,613.22,2.129236111111111
Poland,2011-02-04,98,337.2,3.440816326530612
Poland,2011-02-08,199,266.85,1.3409547738693468
Poland,2011-03-15,162,317.78,1.9616049382716048
Poland,2011-03-21,-9,-14.39,1.598888888888889
Poland,2011-04-05,432,705.84,1.633888888888889
Poland,2011-05-05,116,154.8,1.3344827586206898
Poland,2011-05-25,500,1367.57,2.73514
Poland,2011-06-01,-7,-53.91,7.701428571428571
Poland,2011-06-03,0,0.0,
Poland,2011-06-16,77,318.65,4.138311688311688
Poland,2011-07-13,148,239.2,1.6162162162162161
Poland,2011-07-15,140,448.1,3.200714285714286
Poland,2011-07-25,-3,-8.85,2.9499999999999997
Poland,2011-08-03,137,275.88,2.013722627737226
Poland,2011-08-30,49,125.92,2.569795918367347
Poland,2011-09-05,253,529.25,2.091897233201581
Poland,2011-11-02,639,981.95,1.536697965571205
Poland,2011-11-04,302,379.28,1.2558940397350993
Poland,2011-11-18,-8,-19.36,2.42
Portugal,2010-12-03,65,131.8,2.0276923076923077
Portugal,2010-12-06,53,129.4,2.4415094339622643
Portugal,2010-12-08,424,1149.29,2.710589622641509
Portugal,2010-12-09,118,254.03,2.1527966101694918
Portugal,2010-12-10,131,311.95,2.381297709923664
Portugal,2010-12-14,-39,-59.85,1.5346153846153847
Portugal,2010-12-17,193,463.5,2.401554404145078
Portugal,2011-01-05,-16,-57.6,3.6
Portugal,2011-01-09,641,1100.16,1.7163182527301093
Portugal,2011-01-18,1216,2271.62,1.8681085526315788
Portugal,2011-01-26,237,683.93,2.8857805907172995
Portugal,2011-02-21,454,973.65,2.144603524229075
Portugal,2011-02-28,104,240.25,2.3100961538461537
Portugal,2011-03-08,1109,1570.19,1.4158611361587017
Portugal,2011-03-23,125,247.6,1.9808
Portugal,2011-03-24,1,27.0,27.0
Portugal,2011-03-28,217,400.54,1.8458064516129034
Portugal,2011-03-31,174,415.52,2.3880459770114943
Portugal,2011-04-08,370,481.46,1.3012432432432433
Portugal,2011-04-13,581,1206.29,2.0762306368330465
Portugal,2011-05-12,311,602.83,1.9383601286173635
Portugal,2011-05-23,-1,-15.0,15.0
Portugal,2011-06-07,146,243.2,1.665753424657534
Portugal,2011-06-08,55,151.95,2.7627272727272727
Portugal,2011-06-15,220,489.31,2.224136363636364
Portugal,2011-06-24,-1,-4.95,4.95
Portugal,2011-07-13,979,1452.2,1.483350357507661
Portugal,2011-07-20,457,835.65,1.8285557986870897
Portugal,2011-08-03,-12,-15.0,1.25
Portugal,2011-08-15,1026,1221.4,1.1904483430799222
Portugal,2011-09-02,227,317.0,1.39647577092511
Portugal,2011-09-22,496,777.2,1.566935483870968
Portugal,2011-09-25,176,339.02,1.9262499999999998
Portugal,2011-10-06,1123,1730.77,1.5412021371326803
Portugal,2011-10-11,556,892.47,1.6051618705035973
Portugal,2011-10-13,884,1319.01,1.4920927601809955
Portugal,2011-10-14,215,642.01,2.986093023255814
Portugal,2011-10-17,365,543.41,1.4887945205479451
Portugal,2011-10-19,5,149.75,29.95
Portugal,2011-10-25,136,307.21,2.2588970588235293
Portugal,2011-11-03,80,202.3,2.52875
Portugal,2011-11-07,89,222.26,2.4973033707865167
Portugal,2011-11-11,166,305.3,1.8391566265060242
Portugal,2011-11-14,225,511.09,2.271511111111111
Portugal,2011-11-17,5,58.35,11.67
Portugal,2011-11-21,68,430.48,6.330588235294118
Portugal,2011-11-24,458,859.12,1.8758078602620087
Portugal,2011-11-30,2,56.0,28.0
Portugal,2011-12-02,1032,1436.93,1.392374031007752
Portugal,2011-12-05,128,252.25,1.970703125
Portugal,2011-12-06,267,718.43,2.690749063670412
Portugal,2011-12-07,139,394.34,2.8369784172661867
RSA,2011-10-13,352,1002.31,2.8474715909090906
Saudi Arabia,2011-02-24,80,145.92,1.8239999999999998
Saudi Arabia,2011-03-03,-5,-14.75,2.95
Singapore,2011-01-25,1091,2053.07,1.8818240146654448
Singapore,2011-04-04,0,0.0,
Singapore,2011-04-05,1384,2118.74,1.5308815028901732
Singapore,2011-07-18,2160,3949.32,1.828388888888889
Singapore,2011-10-14,599,999.26,1.6682136894824708
Singapore,2011-10-19,0,0.0,
Spain,2010-12-03,400,620.0,1.55
Spain,2010-12-09,67,174.72,2.607761194029851
Spain,2010-12-13,300,881.01,2.9367
Spain,2010-12-17,100,168.0,1.68
Spain,2011-01-06,-1,-1126.0,1126.0
Spain,2011-01-07,630,1138.67,1.8074126984126986
Spain,2011-01-10,643,1715.85,2.66850699844479
Spain,2011-01-11,1483,4564.3,3.0777478084962913
Spain,2011-01-18,294,681.05,2.3164965986394557
Spain,2011-01-19,48,112.92,2.3525
Spain,2011-01-20,-6,-65.7,10.950000000000001
Spain,2011-01-24,104,157.45,1.5139423076923075
Spain,2011-01-27,642,0.0,0.0
Spain,2011-02-01,193,288.98,1.4973056994818654
Spain,2011-02-03,171,617.25,3.6096491228070176
Spain,2011-02-09,287,762.11,2.6554355400696865
Spain,2011-02-14,219,446.16,2.0372602739726027
Spain,2011-02-18,-4,-20.8,5.2
Spain,2011-03-04,397,471.8,1.1884130982367758
Spain,2011-03-07,-5,-36.5,7.3
Spain,2011-03-16,405,1218.95,3.009753086419753
Spain,2011-03-22,335,1085.99,3.2417611940298507
Spain,2011-03-24,512,1140.76,2.228046875
Spain,2011-03-25,346,628.15,1.8154624277456646
Spain,2011-03-28,550,817.5,1.4863636363636363
Spain,2011-04-11,156,269.95,1.7304487179487178
Spain,2011-04-21,530,1079.4,2.036603773584906
Spain,2011-04-28,267,436.3,1.6340823970037455
Spain,2011-05-04,747,1380.11,1.847536813922356
Spain,2011-05-06,88,522.6,5.9386363636363635
Spain,2011-05-26,25,48.4,1.936
Spain,2011-05-31,608,1306.49,2.148832236842105
Spain,2011-06-03,107,264.4,2.4710280373831774
Spain,2011-06-06,173,357.99,2.069306358381503
Spain,2011-06-09,445,912.66,2.0509213483146067
Spain,2011-06-16,424,1137.99,2.683938679245283
Spain,2011-06-19,339,564.2,1.664306784660767
Spain,2011-06-26,49,95.2,1.9428571428571428
Spain,2011-07-04,1506,4146.34,2.753213811420983
Spain,2011-07-06,167,230.5,1.3802395209580838
Spain,2011-07-07,216,416.62,1.9287962962962963
Spain,2011-07-11,166,312.9,1.8849397590361445
Spain,2011-07-20,59,301.52,5.110508474576271
Spain,2011-07-25,649,1358.39,2.0930508474576275
Spain,2011-07-28,675,811.9,1.2028148148148148
Spain,2011-08-04,185,867.43,4.688810810810811
Spain,2011-08-16,82,200.24,2.441951219512195
Spain,2011-08-17,158,231.76,1.4668354430379746
Spain,2011-08-21,1,-3.25,-3.25
Spain,2011-08-24,317,509.34,1.606750788643533
Spain,2011-08-28,800,1246.49,1.5581125
Spain,2011-08-31,55,278.4,5.0618181818181816
Spain,2011-09-05,234,1092.35,4.668162393162393
Spain,2011-09-08,243,459.99,1.892962962962963
Spain,2011-09-19,565,971.65,1.7197345132743362
Spain,2011-09-20,-2,-25.5,12.75
Spain,2011-09-21,569,964.83,1.695659050966608
Spain,2011-09-23,572,1037.68,1.8141258741258743
Spain,2011-09-25,177,372.24,2.1030508474576273
Spain,2011-09-27,323,290.5,0.8993808049535603
Spain,2011-10-03,-1,-9.95,9.95
Spain,2011-10-04,-16,-20.0,1.25
Spain,2011-10-07,227,422.8,1.862555066079295
Spain,2011-10-14,1006,3528.34,3.507296222664016
Spain,2011-10-17,-1006,-3528.34,3.507296222664016
Spain,2011-10-18,724,1019.47,1.4081077348066298
Spain,2011-10-19,318,348.32,1.0953459119496856
Spain,2011-10-20,192,290.81,1.5146354166666667
Spain,2011-10-24,158,401.3,2.539873417721519
Spain,2011-10-26,243,449.45,1.8495884773662552
Spain,2011-10-30,1484,2176.45,1.46661051212938
Spain,2011-11-03,136,372.7,2.740441176470588
Spain,2011-11-04,327,738.57,2.2586238532110094
Spain,2011-11-07,-44,11.91,-0.2706818181818182
Spain,2011-11-08,239,573.71,2.400460251046025
Spain,2011-11-10,448,791.99,1.7678348214285715
Spain,2011-11-17,508,1184.06,2.3308267716535434
Spain,2011-11-20,477,1094.23,2.2939832285115305
Spain,2011-11-21,249,427.48,1.7167871485943775
Spain,2011-11-23,920,2990.0,3.25
Spain,2011-11-24,77,178.48,2.317922077922078
Spain,2011-11-29,117,170.74,1.4593162393162393
Spain,2011-12-06,182,172.06,0.9453846153846154
Spain,2011-12-07,74,99.37,1.3428378378378378
Sweden,2010-12-14,0,0.0,
Sweden,2010-12-17,3714,2646.3,0.7125201938610662
Sweden,2011-01-04,292,507.56,1.7382191780821918
Sweden,2011-01-28,2804,2938.76,1.0480599144079887
Sweden,2011-02-01,250,509.5,2.038
Sweden,2011-03-10,0,-57.6,-inf
Sweden,2011-03-14,5156,4400.28,0.8534290147401086
Sweden,2011-03-24,107,197.9,1.8495327102803738
Sweden,2011-04-15,201,486.1,2.418407960199005
Sweden,2011-04-27,109,323.0,2.963302752293578
Sweden,2011-05-03,-2,-8.5,4.25
Sweden,2011-05-04,-2,-8.5,4.25
Sweden,2011-05-11,2,8.5,4.25
Sweden,2011-05-12,2794,2557.88,0.9154903364352184
Sweden,2011-05-18,37,115.6,3.1243243243243244
Sweden,2011-06-02,54,121.55,2.2509259259259258
Sweden,2011-06-09,188,319.95,1.7018617021276594
Sweden,2011-06-23,162,390.5,2.4104938271604937
Sweden,2011-07-06,3242,2825.1,0.8714065391733498
Sweden,2011-07-31,2764,3976.99,1.4388531114327061
Sweden,2011-08-04,960,612.0,0.6375
Sweden,2011-08-08,85,249.1,2.9305882352941177
Sweden,2011-08-16,72,185.9,2.5819444444444444
Sweden,2011-08-17,-6,-9.9,1.6500000000000001
Sweden,2011-08-25,197,353.86,1.796243654822335
Sweden,2011-09-02,163,309.45,1.8984662576687117
Sweden,2011-09-13,4072,4114.08,1.0103339882121807
Sweden,2011-09-30,109,151.68,1.391559633027523
Sweden,2011-10-14,1,15.0,15.0
Sweden,2011-10-17,5952,5296.96,0.8899462365591397
Sweden,2011-10-30,198,454.2,2.293939393939394
Sweden,2011-11-06,577,671.69,1.1641074523396882
Sweden,2011-11-08,-6,-20.85,3.475
Sweden,2011-11-11,149,223.68,1.5012080536912753
Sweden,2011-11-14,1060,1238.48,1.1683773584905661
Sweden,2011-11-15,67,181.66,2.7113432835820896
Sweden,2011-11-18,-3,-8.67,2.89
Sweden,2011-11-22,118,326.72,2.768813559322034
Sweden,2011-12-05,0,0.0,
Switzerland,2010-12-03,110,303.4,2.758181818181818
Switzerland,2010-12-20,604,1001.52,1.6581456953642384
Switzerland,2011-01-19,2653,3604.63,1.3586995853750472
Switzerland,2011-01-28,340,626.6,1.8429411764705883
Switzerland,2011-02-04,211,693.33,3.2859241706161137
Switzerland,2011-02-11,-2,-12.25,6.125
Switzerland,2011-02-24,560,1340.32,2.3934285714285712
Switzerland,2011-02-25,66,179.35,2.7174242424242423
Switzerland,2011-02-28,270,441.92,1.6367407407407408
Switzerland,2011-03-09,314,439.28,1.398980891719745
Switzerland,2011-03-25,227,490.78,2.1620264317180617
Switzerland,2011-03-30,445,940.17,2.112741573033708
Switzerland,2011-04-11,-3,-29.85,9.950000000000001
Switzerland,2011-04-14,197,669.25,3.3972081218274113
Switzerland,2011-04-15,101,219.0,2.1683168316831685
Switzerland,2011-04-20,-6,-45.9,7.6499999999999995
Switzerland,2011-04-21,489,1009.69,2.0648057259713704
Switzerland,2011-05-03,-4,-42.8,10.7
Switzerland,2011-05-05,1771,2388.31,1.3485657820440429
Switzerland,2011-05-09,114,315.3,2.765789473684211
Switzerland,2011-05-31,364,906.4,2.49010989010989
Switzerland,2011-06-08,245,612.68,2.500734693877551
Switzerland,2011-06-10,3142,6207.08,1.9755187778485042
Switzerland,2011-06-13,-5,-21.95,4.39
Switzerland,2011-06-24,175,417.36,2.3849142857142858
Switzerland,2011-06-26,408,667.03,1.634877450980392
Switzerland,2011-07-01,152,360.8,2.373684210526316
Switzerland,2011-07-08,282,626.88,2.2229787234042555
Switzerland,2011-07-15,-120,-102.0,0.85
Switzerland,2011-07-17,213,235.96,1.107793427230047
Switzerland,2011-07-25,408,736.0,1.803921568627451
Switzerland,2011-07-26,142,593.74,4.181267605633803
Switzerland,2011-07-31,628,1325.23,2.110238853503185
Switzerland,2011-08-02,2513,3969.62,1.579633903700756
Switzerland,2011-08-03,-4,-16.6,4.15
Switzerland,2011-08-10,62,292.69,4.720806451612903
Switzerland,2011-08-14,-1,-4.95,4.95
Switzerland,2011-08-19,407,668.58,1.6427027027027028
Switzerland,2011-08-23,-17,-27.15,1.5970588235294116
Switzerland,2011-09-06,5,200.0,40.0
Switzerland,2011-09-14,376,743.28,1.9768085106382978
Switzerland,2011-09-15,4,160.0,40.0
Switzerland,2011-09-21,-11,-24.95,2.268181818181818
Switzerland,2011-09-22,2408,4860.64,2.0185382059800667
Switzerland,2011-09-28,1225,1810.51,1.4779673469387755
Switzerland,2011-09-29,236,505.48,2.141864406779661
Switzerland,2011-10-03,-5,-16.75,3.35
Switzerland,2011-10-05,1650,2539.56,1.5391272727272727
Switzerland,2011-10-11,582,1527.96,2.625360824742268
Switzerland,2011-10-12,332,661.92,1.993734939759036
Switzerland,2011-10-25,1394,1635.66,1.1733572453371592
Switzerland,2011-10-26,569,1275.64,2.2418980667838313
Switzerland,2011-10-28,334,409.99,1.2275149700598802
Switzerland,2011-11-06,2708,6207.67,2.2923449039881834
Switzerland,2011-11-11,64,292.58,4.5715625
Switzerland,2011-11-18,669,925.64,1.3836173393124065
Switzerland,2011-11-23,183,428.57,2.341912568306011
Switzerland,2011-11-29,151,262.5,1.7384105960264902
United Arab Emirates,2011-02-14,496,889.24,1.7928225806451612
United Arab Emirates,2011-09-01,485,975.54,2.011422680412371
United Arab Emirates,2011-09-22,1,37.5,37.5
United Kingdom,2010-12-01,23949,54615.15,2.280477264186396
United Kingdom,2010-12-02,20873,46053.93,2.206387677861352
United Kingdom,2010-12-03,10439,39985.44,3.8303898840885147
United Kingdom,2010-12-05,13604,25462.2,1.8716700970302853
United Kingdom,2010-12-06,20669,52402.84,2.535335042817746
United Kingdom,2010-12-07,23769,42301.48,1.7796911944128908
United Kingdom,2010-12-08,20086,40167.17,1.9997595340037837
United Kingdom,2010-12-09,14545,42994.03,2.9559319353729805
United Kingdom,2010-12-10,18273,52504.6,2.8733431839325783
United Kingdom,2010-12-12,8156,13650.33,1.673654977930358
United Kingdom,2010-12-13,17325,34510.78,1.9919642135642135
United Kingdom,2010-12-14,19233,41340.07,2.149434305620548
United Kingdom,2010-12-15,18211,29548.3,1.6225523035527978
United Kingdom,2010-12-16,28060,46975.39,1.6741051318602993
United Kingdom,2010-12-17,8824,32491.11,3.682129419764279
United Kingdom,2010-12-19,3303,6636.34,2.0091855888586134
United Kingdom,2010-12-20,13714,22521.34,1.6422152544844684
United Kingdom,2010-12-21,8100,36971.81,4.564420987654321
United Kingdom,2010-12-22,2350,5423.45,2.307851063829787
United Kingdom,2010-12-23,4618,10186.86,2.2059029883066263
United Kingdom,2011-01-04,7647,14442.92,1.888704066954361
United Kingdom,2011-01-05,17934,-2280.36,-0.12715289394446302
United Kingdom,2011-01-06,17274,30767.69,1.7811560727104319
United Kingdom,2011-01-07,12591,21053.25,1.6720872051465332
United Kingdom,2011-01-09,7377,14238.64,1.9301396231530432
United Kingdom,2011-01-10,6911,20130.86,2.912872232672551
United Kingdom,2011-01-11,26297,61133.43,2.324730197360916
United Kingdom,2011-01-12,8622,21105.04,2.447812572488982
United Kingdom,2011-01-13,9266,18171.43,1.9610867688322902
United Kingdom,2011-01-14,7303,17712.03,2.425308777214843
United Kingdom,2011-01-16,4181,7116.61,1.7021310691222196
United Kingdom,2011-01-17,12002,26162.44,2.1798400266622227
United Kingdom,2011-01-18,6754,15130.03,2.240158424637252
United Kingdom,2011-01-19,7802,13103.22,1.6794693668290182
United Kingdom,2011-01-20,6287,13213.26,2.101679656433911
United Kingdom,2011-01-21,8921,22983.26,2.5763098307364642
United Kingdom,2011-01-23,5068,9771.45,1.9280682715074982
United Kingdom,2011-01-24,8825,17459.75,1.978441926345609
United Kingdom,2011-01-25,11873,22991.98,1.9364928830118757
United Kingdom,2011-01-26,8692,15902.83,1.8295938794293602
United Kingdom,2011-01-27,9171,17533.25,1.9118144150038163
United Kingdom,2011-01-28,13647,13617.61,0.9978464131310911
United Kingdom,2011-01-30,3367,6456.44,1.9175645975645974
United Kingdom,2011-01-31,9569,16391.24,1.7129522416135439
United Kingdom,2011-02-01,13880,25482.42,1.8359092219020172
United Kingdom,2011-02-02,8607,19853.8,2.3067038457069824
United Kingdom,2011-02-03,16063,20117.63,1.2524204694017307
United Kingdom,2011-02-04,10336,22523.64,2.179144736842105
United Kingdom,2011-02-06,2048,3457.11,1.6880419921875
United Kingdom,2011-02-07,8168,23434.96,2.869118511263467
United Kingdom,2011-02-08,8701,19149.88,2.200882657165843
United Kingdom,2011-02-09,3427,9487.01,2.768313393638751
United Kingdom,2011-02-10,10765,12754.03,1.1847682303762193
United Kingdom,2011-02-11,8952,17941.37,2.004174486148347
United Kingdom,2011-02-13,2715,5535.4,2.038821362799263
United Kingdom,2011-02-14,10813,21002.48,1.9423360769444187
United Kingdom,2011-02-15,10715,16434.85,1.5338170788614092
United Kingdom,2011-02-16,13084,20670.43,1.579824977071232
United Kingdom,2011-02-17,13452,24155.97,1.7957158786797502
United Kingdom,2011-02-18,7136,14428.55,2.0219380605381163
United Kingdom,2011-02-20,5346,9578.89,1.7917863823419378
United Kingdom,2011-02-21,6832,882.51,0.1291730093676815
United Kingdom,2011-02-22,18518,29105.47,1.5717393887028837
United Kingdom,2011-02-23,12391,24484.5,1.9759906383665564
United Kingdom,2011-02-24,10945,20969.33,1.9158821379625401
United Kingdom,2011-02-25,9690,18908.99,1.9513921568627453
United Kingdom,2011-02-27,4570,8967.9,1.9623413566739605
United Kingdom,2011-02-28,8487,18920.79,2.229384941675504
United Kingdom,2011-03-01,8163,15349.11,1.880327085630283
United Kingdom,2011-03-02,8047,17495.7,2.1741891388094943
United Kingdom,2011-03-03,7212,17434.95,2.417491680532446
United Kingdom,2011-03-04,11577,16631.84,1.4366277964930465
United Kingdom,2011-03-06,4989,9596.23,1.9234776508318299
United Kingdom,2011-03-07,13377,29828.04,2.2298004036779546
United Kingdom,2011-03-08,5387,22599.9,4.195266382030815
United Kingdom,2011-03-09,2833,19235.78,6.789897635015884
United Kingdom,2011-03-10,10652,17469.35,1.6400065715358616
United Kingdom,2011-03-11,9529,20309.26,2.131310735649071
United Kingdom,2011-03-13,2556,3794.33,1.48447965571205
United Kingdom,2011-03-14,10116,18598.87,1.8385597073942268
United Kingdom,2011-03-15,7277,16402.11,2.253965920021987
United Kingdom,2011-03-16,11968,19400.19,1.6210051804812833
United Kingdom,2011-03-17,18037,31998.97,1.7740738482009204
United Kingdom,2011-03-18,12239,13635.82,1.114128605278209
United Kingdom,2011-03-20,13277,20467.39,1.5415673721473224
United Kingdom,2011-03-21,9983,15843.64,1.5870620054091955
United Kingdom,2011-03-22,13201,28106.69,2.1291333989849255
United Kingdom,2011-03-23,8311,19733.56,2.3743905667188066
United Kingdom,2011-03-24,17003,33702.3,1.9821384461565608
United Kingdom,2011-03-25,9966,24220.17,2.4302799518362432
United Kingdom,2011-03-27,4353,8844.47,2.031810245807489
United Kingdom,2011-03-28,9754,14918.72,1.5294976419930284
United Kingdom,2011-03-29,19893,51760.82,2.601961493992862
United Kingdom,2011-03-30,17567,27819.59,1.5836278248989584
United Kingdom,2011-03-31,12576,24509.59,1.948917779898219
United Kingdom,2011-04-01,16227,21850.62,1.3465594379737473
United Kingdom,2011-04-03,5660,6878.1,1.2152120141342757
United Kingdom,2011-04-04,11750,22835.46,1.943443404255319
United Kingdom,2011-04-05,9747,19335.02,1.983689340309839
United Kingdom,2011-04-06,7935,16328.82,2.0578223062381853
United Kingdom,2011-04-07,8348,15565.88,1.8646238620028748
United Kingdom,2011-04-08,7535,20134.59,2.67214200398142
United Kingdom,2011-04-10,5336,8887.39,1.665552848575712
United Kingdom,2011-04-11,11776,19606.79,1.6649787703804348
United Kingdom,2011-04-12,14202,23240.04,1.6363920574566964
United Kingdom,2011-04-13,17426,22434.71,1.2874274073223917
United Kingdom,2011-04-14,15713,30572.07,1.9456545535543817
United Kingdom,2011-04-15,11832,26030.071,2.1999721940500336
United Kingdom,2011-04-17,7628,11627.34,1.5242973256423702
United Kingdom,2011-04-18,15671,29052.83,1.8539231701869696
United Kingdom,2011-04-19,12307,20240.14,1.6446038839684731
United Kingdom,2011-04-20,17547,27326.49,1.557331167720978
United Kingdom,2011-04-21,16565,27378.36,1.6527835798370059
United Kingdom,2011-04-26,15285,29675.54,1.9414811907098464
United Kingdom,2011-04-27,17098,23706.76,1.3865224002807346
United Kingdom,2011-04-28,12078,19547.02,1.6183987415134957
United Kingdom,2011-05-01,3167,5870.33,1.853593305967793
United Kingdom,2011-05-03,10303,16694.71,1.6203736775696398
United Kingdom,2011-05-04,14010,24733.71,1.7654325481798714
United Kingdom,2011-05-05,15011,25024.28,1.6670628205982279
United Kingdom,2011-05-06,17404,30534.89,1.754475407952195
United Kingdom,2011-05-08,9469,16889.96,1.783711057133805
United Kingdom,2011-05-09,11730,24123.35,2.0565515771526
United Kingdom,2011-05-10,15449,42133.94,2.7272923813839083
United Kingdom,2011-05-11,13794,28503.98,2.066404233724808
United Kingdom,2011-05-12,13576,27154.04,2.0001502651738363
United Kingdom,2011-05-13,12240,25544.75,2.0869893790849674
United Kingdom,2011-05-15,4618,9169.1,1.985513209181464
United Kingdom,2011-05-16,11927,19907.79,1.6691364131801796
United Kingdom,2011-05-17,17030,38680.99,2.271344098649442
United Kingdom,2011-05-18,17366,31205.4,1.796925025912703
United Kingdom,2011-05-19,15164,28964.79,1.910102215774202
United Kingdom,2011-05-20,13936,23744.47,1.7038224741676236
United Kingdom,2011-05-22,11470,21590.85,1.8823757628596336
United Kingdom,2011-05-23,14457,26268.47,1.817006986235042
United Kingdom,2011-05-24,15307,36368.02,2.375907754622068
United Kingdom,2011-05-25,9639,20122.34,2.0875962236746552
United Kingdom,2011-05-26,10147,22033.04,2.171384645708091
United Kingdom,2011-05-27,15563,26385.94,1.6954276167833964
United Kingdom,2011-05-29,3826,6625.57,1.7317224255096706
United Kingdom,2011-05-31,9849,18185.15,1.846395573154635
United Kingdom,2011-06-01,7410,14131.1,1.9070310391363023
United Kingdom,2011-06-02,12725,30432.58,2.3915583497053046
United Kingdom,2011-06-03,6742,14889.38,2.208451498071789
United Kingdom,2011-06-05,10381,19392.04,1.868031981504672
United Kingdom,2011-06-06,7876,14141.8,1.7955561198577958
United Kingdom,2011-06-07,17871,36420.59,2.0379715740585302
United Kingdom,2011-06-08,16376,36580.61,2.2337939667806546
United Kingdom,2011-06-09,27000,39547.33,1.464715925925926
United Kingdom,2011-06-10,4738,15234.68,3.2154242296327564
United Kingdom,2011-06-12,8421,11540.48,1.3704405652535327
United Kingdom,2011-06-13,6752,14616.3,2.1647363744075827
United Kingdom,2011-06-14,-13746,40236.13,-2.9271155245162226
United Kingdom,2011-06-15,10484,15883.37,1.5150104921785579
United Kingdom,2011-06-16,16673,30485.56,1.8284387932585617
United Kingdom,2011-06-17,9398,15803.16,1.6815450095765057
United Kingdom,2011-06-19,9856,15683.99,1.5913139204545454
United Kingdom,2011-06-20,10869,24884.47,2.2894902934952617
United Kingdom,2011-06-21,6804,20504.47,3.013590534979424
United Kingdom,2011-06-22,11492,16492.46,1.4351253045596937
United Kingdom,2011-06-23,12970,21954.28,1.6926969930609097
United Kingdom,2011-06-24,8291,5844.58,0.7049306476902666
United Kingdom,2011-06-26,3023,5368.69,1.775947734039034
United Kingdom,2011-06-27,9323,15806.3,1.6954092030462298
United Kingdom,2011-06-28,8523,20541.9,2.4101724744808166
United Kingdom,2011-06-29,8983,18077.89,2.012455749749527
United Kingdom,2011-06-30,19287,39984.21,2.073117125524965
United Kingdom,2011-07-01,5990,10527.71,1.7575475792988313
United Kingdom,2011-07-03,3106,5977.14,1.9243850611719253
United Kingdom,2011-07-04,12516,37334.83,2.9829682007031
United Kingdom,2011-07-05,21128,38852.48,1.8389095039757668
United Kingdom,2011-07-06,14747,21448.3,1.4544178476978369
United Kingdom,2011-07-07,18047,29456.0,1.6321826342328365
United Kingdom,2011-07-08,9716,23404.08,2.408818443804035
United Kingdom,2011-07-10,4214,5692.07,1.350752254390128
United Kingdom,2011-07-11,13264,19916.67,1.501558353437877
United Kingdom,2011-07-12,12475,23624.37,1.8937370741482966
United Kingdom,2011-07-13,9973,5881.52,0.5897443096360173
United Kingdom,2011-07-14,12772,24933.68,1.9522142186031946
United Kingdom,2011-07-15,6404,12244.78,1.9120518425983761
United Kingdom,2011-07-17,10675,16443.37,1.5403625292740046
United Kingdom,2011-07-18,9908,21550.34,2.1750444085587404
United Kingdom,2011-07-19,17236,32075.37,1.860952077048039
United Kingdom,2011-07-20,15806,25194.25,1.5939674807035302
United Kingdom,2011-07-21,17944,27083.0,1.509306732055283
United Kingdom,2011-07-22,9007,18357.14,2.0380970356389474
United Kingdom,2011-07-24,16229,24771.71,1.5263854827777434
United Kingdom,2011-07-25,13420,23094.69,1.7209157973174365
United Kingdom,2011-07-26,13159,20213.251,1.5360780454441827
United Kingdom,2011-07-27,9915,19263.28,1.9428421583459403
United Kingdom,2011-07-28,24964,47704.48,1.9109309405543984
United Kingdom,2011-07-29,10689,16771.56,1.5690485545888297
United Kingdom,2011-07-31,10825,13663.77,1.2622420323325636
United Kingdom,2011-08-01,9124,19514.1,2.1387658921525645
United Kingdom,2011-08-02,11789,8393.72,0.7119959284078378
United Kingdom,2011-08-03,14653,25407.48,1.7339439022725722
United Kingdom,2011-08-04,35656,57103.74,1.6015183980255776
United Kingdom,2011-08-05,9960,16882.42,1.6950220883534135
United Kingdom,2011-08-07,5020,7356.72,1.4654820717131474
United Kingdom,2011-08-08,11595,17519.96,1.5109926692539888
United Kingdom,2011-08-09,7397,14156.06,1.9137569284845206
United Kingdom,2011-08-10,12652,25109.14,1.9845984824533671
United Kingdom,2011-08-11,23323,50256.84,2.154818848347125
United Kingdom,2011-08-12,8653,4616.0,0.5334566046457876
United Kingdom,2011-08-14,3134,5542.99,1.7686630504148053
United Kingdom,2011-08-15,7163,13072.03,1.8249378751919587
United Kingdom,2011-08-16,11052,18666.21,1.688944082519001
United Kingdom,2011-08-17,21800,45644.18,2.093769724770642
United Kingdom,2011-08-18,17442,25867.35,1.483049535603715
United Kingdom,2011-08-19,7953,12793.88,1.608686030428769
United Kingdom,2011-08-21,6758,11807.96,1.7472565847883987
United Kingdom,2011-08-22,14060,24964.51,1.7755697012802274
United Kingdom,2011-08-23,11553,17694.17,1.531564961481866
United Kingdom,2011-08-24,27393,34445.22,1.2574460628627753
United Kingdom,2011-08-25,10696,18201.81,1.7017399027673898
United Kingdom,2011-08-26,10106,14723.4,1.4568968929348902
United Kingdom,2011-08-28,5970,9538.29,1.59770351758794
United Kingdom,2011-08-30,10092,31259.13,3.0974167657550535
United Kingdom,2011-08-31,4810,8593.19,1.7865259875259876
United Kingdom,2011-09-01,22127,29027.47,1.3118574592127266
United Kingdom,2011-09-02,8802,37898.64,4.305685071574642
United Kingdom,2011-09-04,7552,13106.92,1.7355561440677967
United Kingdom,2011-09-05,17250,25870.38,1.4997321739130436
United Kingdom,2011-09-06,12993,22615.99,1.7406288001231434
United Kingdom,2011-09-07,12697,27820.6,2.1911160116562964
United Kingdom,2011-09-08,13213,19513.4,1.4768334216302128
United Kingdom,2011-09-09,12445,23175.47,1.8622314182402573
United Kingdom,2011-09-11,20027,33699.2,1.6826883706995555
United Kingdom,2011-09-12,17086,29039.31,1.6995967458738148
United Kingdom,2011-09-13,27522,41819.53,1.5194945861492624
United Kingdom,2011-09-14,7641,21051.42,2.755060855908912
United Kingdom,2011-09-15,27462,58886.13,2.1442768188769934
United Kingdom,2011-09-16,14399,24131.7,1.6759288839502744
United Kingdom,2011-09-18,8966,15692.33,1.7502041043943788
United Kingdom,2011-09-19,12015,18754.43,1.5609180191427383
United Kingdom,2011-09-20,42212,106404.03,2.5207057234909502
United Kingdom,2011-09-21,15807,35089.43,2.2198665148351995
United Kingdom,2011-09-22,25854,45921.16,1.7761723524406283
United Kingdom,2011-09-23,16501,31530.01,1.9107938912793163
United Kingdom,2011-09-25,18000,28587.751,1.588208388888889
United Kingdom,2011-09-26,13809,26199.501,1.8972772105148816
United Kingdom,2011-09-27,20279,34122.21,1.6826377040287983
United Kingdom,2011-09-28,21828,36542.73,1.6741217702034086
United Kingdom,2011-09-29,24451,40072.92,1.6389072021594209
United Kingdom,2011-09-30,17552,35445.49,2.019455902461258
United Kingdom,2011-10-02,8380,11623.58,1.3870620525059665
United Kingdom,2011-10-03,24500,63883.08,2.6074726530612247
United Kingdom,2011-10-04,18304,47126.83,2.5746738417832167
United Kingdom,2011-10-05,32884,48142.13,1.4639986011434132
United Kingdom,2011-10-06,26808,47621.27,1.7763827961802445
United Kingdom,2011-10-07,25657,40727.67,1.5873901859141755
United Kingdom,2011-10-09,7275,11922.24,1.6387958762886599
United Kingdom,2011-10-10,22661,38509.86,1.6993892590794757
United Kingdom,2011-10-11,13093,28532.22,2.1791965172229437
United Kingdom,2011-10-12,13623,24385.49,1.7900234896865597
United Kingdom,2011-10-13,13324,27039.99,2.029419843890724
United Kingdom,2011-10-14,14069,25942.87,1.843973985357879
United Kingdom,2011-10-16,8311,21605.44,2.599619781013115
United Kingdom,2011-10-17,19325,35468.96,1.8353924967658473
United Kingdom,2011-10-18,25043,37683.61,1.5047562193027992
United Kingdom,2011-10-19,14974,27795.51,1.8562515026045143
United Kingdom,2011-10-20,16297,28927.37,1.7750119653924035
United Kingdom,2011-10-21,20318,55166.41,2.7151496210256916
United Kingdom,2011-10-23,7070,12318.11,1.7423069306930694
United Kingdom,2011-10-24,20907,36737.65,1.7571937628545464
United Kingdom,2011-10-25,22477,37332.37,1.6609142679183166
United Kingdom,2011-10-26,18698,33292.81,1.7805546047705636
United Kingdom,2011-10-27,24255,33552.98,1.3833428159142447
United Kingdom,2011-10-28,17042,27225.77,1.597568947306654
United Kingdom,2011-10-30,17656,30556.17,1.7306394426823741
United Kingdom,2011-10-31,2661,44317.8,16.65456595264938
United Kingdom,2011-11-01,14758,24744.69,1.6766967068708496
United Kingdom,2011-11-02,24463,38497.12,1.5736876098597883
United Kingdom,2011-11-03,31841,59169.23,1.8582717251342609
United Kingdom,2011-11-04,31177,55433.39,1.7780219392500882
United Kingdom,2011-11-06,18339,33126.79,1.8063574895032446
United Kingdom,2011-11-07,25943,67032.56,2.5838399568284314
United Kingdom,2011-11-08,24889,54482.33,2.189012415123147
United Kingdom,2011-11-09,35075,60272.72,1.7183954383464006
United Kingdom,2011-11-10,27859,54935.28,1.9719042320255573
United Kingdom,2011-11-11,23471,46157.4,1.9665715137829662
United Kingdom,2011-11-13,17269,28355.85,1.642008801899357
United Kingdom,2011-11-14,42892,106778.73,2.4894789238086354
United Kingdom,2011-11-15,24741,51108.23,2.0657301645042643
United Kingdom,2011-11-16,23065,53767.31,2.331121179275959
United Kingdom,2011-11-17,22279,41183.43,1.8485313523946316
United Kingdom,2011-11-18,20178,40370.21,2.000704232332243
United Kingdom,2011-11-20,17822,31426.46,1.763352036808439
United Kingdom,2011-11-21,21875,44022.22,2.012444342857143
United Kingdom,2011-11-22,31938,56263.84,1.7616582127872753
United Kingdom,2011-11-23,27569,63137.7,2.290170118611484
United Kingdom,2011-11-24,19860,39692.05,1.9985926485397787
United Kingdom,2011-11-25,29470,46800.62,1.5880766881574484
United Kingdom,2011-11-27,10936,19741.59,1.8051929407461595
United Kingdom,2011-11-28,26796,51529.37,1.9230247051798777
United Kingdom,2011-11-29,26807,64927.28,2.422027082478457
United Kingdom,2011-11-30,20969,49849.38,2.377289331870857
United Kingdom,2011-12-01,25308,47903.43,1.8928176861071597
United Kingdom,2011-12-02,24457,53417.45,2.184137465756225
United Kingdom,2011-12-04,10816,21580.48,1.9952366863905324
United Kingdom,2011-12-05,42414,54715.25,1.2900280567737068
United Kingdom,2011-12-06,27191,50307.31,1.8501456364238167
United Kingdom,2011-12-07,27611,55028.58,1.992994820904712
United Kingdom,2011-12-08,32576,78437.9,2.407843197445972
United Kingdom,2011-12-09,9534,27345.03,2.8681592196349905
Unspecified,2011-04-11,282,299.1,1.0606382978723405
Unspecified,2011-05-10,654,852.68,1.3037920489296635
Unspecified,2011-05-19,149,203.19,1.3636912751677852
Unspecified,2011-06-20,78,185.78,2.3817948717948716
Unspecified,2011-07-08,463,626.93,1.354060475161987
Unspecified,2011-07-14,271,252.05,0.9300738007380074
Unspecified,2011-07-28,319,546.43,1.7129467084639496
Unspecified,2011-08-22,185,531.03,2.870432432432432
Unspecified,2011-09-02,258,286.85,1.1118217054263566
Unspecified,2011-11-16,188,333.2,1.7723404255319148
Unspecified,2011-11-24,453,632.55,1.3963576158940396
USA,2011-04-19,137,383.95,2.802554744525547
USA,2011-10-10,1228,1579.51,1.2862459283387622
USA,2011-10-12,-1228,-1579.51,1.2862459283387622
USA,2011-10-21,489,731.69,1.4962985685071575
USA,2011-12-02,196,269.96,1.3773469387755102
USA,2011-12-05,408,615.28,1.5080392156862745
USA,2011-12-08,-196,-269.96,1.3773469387755102
